team_id,role,company_name,corp_code,stock_code,industry,fiscal_year,report_code,rcept_no,esg_source,esg_grade,e_grade,s_grade,g_grade,esg_year,is_required,replacement_of,replacement_reason,notes
ALL,anchor,삼성전자,,005930,전기전자,2022,11011,,한국ESG기준원,A,A,A+,B+,2022,TRUE,,,student_lookup_required: find corp_code and annual-report rcept_no using OpenDART MCP/CLI/API; full key is kept in company_master_full.csv for instructor use
ALL,anchor,삼성전자,,005930,전기전자,2023,11011,,한국ESG기준원,A,A,A+,B+,2023,TRUE,,,student_lookup_required: find corp_code and annual-report rcept_no using OpenDART MCP/CLI/API; full key is kept in company_master_full.csv for instructor use
ALL,anchor,삼성전자,,005930,전기전자,2024,11011,,한국ESG기준원,B+,B+,A,B,2024,TRUE,,,student_lookup_required: find corp_code and annual-report rcept_no using OpenDART MCP/CLI/API; full key is kept in company_master_full.csv for instructor use
ALL,anchor,BYC,,001460,섬유/의류,2022,11011,,한국ESG기준원,D,D,D,D,2022,TRUE,,,student_lookup_required: find corp_code and annual-report rcept_no using OpenDART MCP/CLI/API; full key is kept in company_master_full.csv for instructor use
ALL,anchor,BYC,,001460,섬유/의류,2023,11011,,한국ESG기준원,D,D,D,D,2023,TRUE,,,student_lookup_required: find corp_code and annual-report rcept_no using OpenDART MCP/CLI/API; full key is kept in company_master_full.csv for instructor use
ALL,anchor,BYC,,001460,섬유/의류,2024,11011,,한국ESG기준원,D,D,D,C,2024,TRUE,,,student_lookup_required: find corp_code and annual-report rcept_no using OpenDART MCP/CLI/API; full key is kept in company_master_full.csv for instructor use
ALL,anchor,현대자동차,,005380,자동차,2022,11011,,한국ESG기준원,B+,A,B+,B,2022,TRUE,,,student_lookup_required: find corp_code and annual-report rcept_no using OpenDART MCP/CLI/API; full key is kept in company_master_full.csv for instructor use
ALL,anchor,현대자동차,,005380,자동차,2023,11011,,한국ESG기준원,A,A,A,B+,2023,TRUE,,,student_lookup_required: find corp_code and annual-report rcept_no using OpenDART MCP/CLI/API; full key is kept in company_master_full.csv for instructor use
ALL,anchor,현대자동차,,005380,자동차,2024,11011,,한국ESG기준원,A,A+,B+,A,2024,TRUE,,,student_lookup_required: find corp_code and annual-report rcept_no using OpenDART MCP/CLI/API; full key is kept in company_master_full.csv for instructor use
T01,extension,CJ대한통운,,000120,물류,2022,11011,,한국ESG기준원,B+,B+,A+,B,2022,TRUE,,,student_lookup_required: find corp_code and annual-report rcept_no using OpenDART MCP/CLI/API; full key is kept in company_master_full.csv for instructor use
T01,extension,CJ대한통운,,000120,물류,2023,11011,,한국ESG기준원,A,A,A+,B+,2023,TRUE,,,student_lookup_required: find corp_code and annual-report rcept_no using OpenDART MCP/CLI/API; full key is kept in company_master_full.csv for instructor use
T01,extension,CJ대한통운,,000120,물류,2024,11011,,한국ESG기준원,A,A,A+,B+,2024,TRUE,,,student_lookup_required: find corp_code and annual-report rcept_no using OpenDART MCP/CLI/API; full key is kept in company_master_full.csv for instructor use
T01,extension,CJ제일제당,,097950,식품,2022,11011,,한국ESG기준원,A,A,A,B+,2022,TRUE,,,student_lookup_required: find corp_code and annual-report rcept_no using OpenDART MCP/CLI/API; full key is kept in company_master_full.csv for instructor use
T01,extension,CJ제일제당,,097950,식품,2023,11011,,한국ESG기준원,A,A,A+,A,2023,TRUE,,,student_lookup_required: find corp_code and annual-report rcept_no using OpenDART MCP/CLI/API; full key is kept in company_master_full.csv for instructor use
T01,extension,CJ제일제당,,097950,식품,2024,11011,,한국ESG기준원,A,A,A,B+,2024,TRUE,,,student_lookup_required: find corp_code and annual-report rcept_no using OpenDART MCP/CLI/API; full key is kept in company_master_full.csv for instructor use
T01,extension,CJ,,001040,지주회사,2022,11011,,한국ESG기준원,B+,B+,A,B+,2022,TRUE,,,student_lookup_required: find corp_code and annual-report rcept_no using OpenDART MCP/CLI/API; full key is kept in company_master_full.csv for instructor use
T01,extension,CJ,,001040,지주회사,2023,11011,,한국ESG기준원,A,A,A+,B+,2023,TRUE,,,student_lookup_required: find corp_code and annual-report rcept_no using OpenDART MCP/CLI/API; full key is kept in company_master_full.csv for instructor use
T01,extension,CJ,,001040,지주회사,2024,11011,,한국ESG기준원,A,A,A+,A,2024,TRUE,,,student_lookup_required: find corp_code and annual-report rcept_no using OpenDART MCP/CLI/API; full key is kept in company_master_full.csv for instructor use
T01,extension,CJ ENM,,035760,미디어/콘텐츠,2022,11011,,한국ESG기준원,B+,B+,A,B,2022,TRUE,,,student_lookup_required: find corp_code and annual-report rcept_no using OpenDART MCP/CLI/API; full key is kept in company_master_full.csv for instructor use
T01,extension,CJ ENM,,035760,미디어/콘텐츠,2023,11011,,한국ESG기준원,B+,B+,A+,B,2023,TRUE,,,student_lookup_required: find corp_code and annual-report rcept_no using OpenDART MCP/CLI/API; full key is kept in company_master_full.csv for instructor use
T01,extension,CJ ENM,,035760,미디어/콘텐츠,2024,11011,,한국ESG기준원,A,B+,A+,B+,2024,TRUE,,,student_lookup_required: find corp_code and annual-report rcept_no using OpenDART MCP/CLI/API; full key is kept in company_master_full.csv for instructor use
T01,extension,BGF리테일,,282330,유통,2022,11011,,한국ESG기준원,A,A,A+,A,2022,TRUE,,,student_lookup_required: find corp_code and annual-report rcept_no using OpenDART MCP/CLI/API; full key is kept in company_master_full.csv for instructor use
T01,extension,BGF리테일,,282330,유통,2023,11011,,한국ESG기준원,A,A,A+,A,2023,TRUE,,,student_lookup_required: find corp_code and annual-report rcept_no using OpenDART MCP/CLI/API; full key is kept in company_master_full.csv for instructor use
T01,extension,BGF리테일,,282330,유통,2024,11011,,한국ESG기준원,A,A,A+,A,2024,TRUE,,,student_lookup_required: find corp_code and annual-report rcept_no using OpenDART MCP/CLI/API; full key is kept in company_master_full.csv for instructor use
T01,extension,CJ프레시웨이,,051500,식자재유통,2022,11011,,한국ESG기준원,A,B,A,A,2022,TRUE,,,student_lookup_required: find corp_code and annual-report rcept_no using OpenDART MCP/CLI/API; full key is kept in company_master_full.csv for instructor use
T01,extension,CJ프레시웨이,,051500,식자재유통,2023,11011,,한국ESG기준원,A,B+,A+,A,2023,TRUE,,,student_lookup_required: find corp_code and annual-report rcept_no using OpenDART MCP/CLI/API; full key is kept in company_master_full.csv for instructor use
T01,extension,CJ프레시웨이,,051500,식자재유통,2024,11011,,한국ESG기준원,A,A,A,B+,2024,TRUE,,,student_lookup_required: find corp_code and annual-report rcept_no using OpenDART MCP/CLI/API; full key is kept in company_master_full.csv for instructor use
T02,extension,SK하이닉스,,000660,반도체,2022,11011,,한국ESG기준원,B+,B+,A,B+,2022,TRUE,,,student_lookup_required: find corp_code and annual-report rcept_no using OpenDART MCP/CLI/API; full key is kept in company_master_full.csv for instructor use
T02,extension,SK하이닉스,,000660,반도체,2023,11011,,한국ESG기준원,A,A,A+,A,2023,TRUE,,,student_lookup_required: find corp_code and annual-report rcept_no using OpenDART MCP/CLI/API; full key is kept in company_master_full.csv for instructor use
T02,extension,SK하이닉스,,000660,반도체,2024,11011,,한국ESG기준원,B+,A,A+,B,2024,TRUE,,,student_lookup_required: find corp_code and annual-report rcept_no using OpenDART MCP/CLI/API; full key is kept in company_master_full.csv for instructor use
T02,extension,NAVER,,035420,인터넷/플랫폼,2022,11011,,한국ESG기준원,A,A,A,A,2022,TRUE,,,student_lookup_required: find corp_code and annual-report rcept_no using OpenDART MCP/CLI/API; full key is kept in company_master_full.csv for instructor use
T02,extension,NAVER,,035420,인터넷/플랫폼,2023,11011,,한국ESG기준원,A+,A,A+,A+,2023,TRUE,,,student_lookup_required: find corp_code and annual-report rcept_no using OpenDART MCP/CLI/API; full key is kept in company_master_full.csv for instructor use
T02,extension,NAVER,,035420,인터넷/플랫폼,2024,11011,,한국ESG기준원,A,A,A+,A,2024,TRUE,,,student_lookup_required: find corp_code and annual-report rcept_no using OpenDART MCP/CLI/API; full key is kept in company_master_full.csv for instructor use
T02,extension,카카오,,035720,인터넷/플랫폼,2022,11011,,한국ESG기준원,A,A,A,A,2022,TRUE,,,student_lookup_required: find corp_code and annual-report rcept_no using OpenDART MCP/CLI/API; full key is kept in company_master_full.csv for instructor use
T02,extension,카카오,,035720,인터넷/플랫폼,2023,11011,,한국ESG기준원,A,A+,A+,B+,2023,TRUE,,,student_lookup_required: find corp_code and annual-report rcept_no using OpenDART MCP/CLI/API; full key is kept in company_master_full.csv for instructor use
T02,extension,카카오,,035720,인터넷/플랫폼,2024,11011,,한국ESG기준원,A,A+,A,B+,2024,TRUE,,,student_lookup_required: find corp_code and annual-report rcept_no using OpenDART MCP/CLI/API; full key is kept in company_master_full.csv for instructor use
T02,extension,엔씨소프트,,036570,게임,2022,11011,,한국ESG기준원,A,B+,A,A,2022,TRUE,,,student_lookup_required: find corp_code and annual-report rcept_no using OpenDART MCP/CLI/API; full key is kept in company_master_full.csv for instructor use
T02,extension,엔씨소프트,,036570,게임,2023,11011,,한국ESG기준원,A,B+,A,A,2023,TRUE,,,student_lookup_required: find corp_code and annual-report rcept_no using OpenDART MCP/CLI/API; full key is kept in company_master_full.csv for instructor use
T02,extension,엔씨소프트,,036570,게임,2024,11011,,한국ESG기준원,A,B+,A+,A,2024,TRUE,,,student_lookup_required: find corp_code and annual-report rcept_no using OpenDART MCP/CLI/API; full key is kept in company_master_full.csv for instructor use
T02,extension,삼성에스디에스,,018260,IT서비스,2022,11011,,한국ESG기준원,A,A,A+,A,2022,TRUE,,,student_lookup_required: find corp_code and annual-report rcept_no using OpenDART MCP/CLI/API; full key is kept in company_master_full.csv for instructor use
T02,extension,삼성에스디에스,,018260,IT서비스,2023,11011,,한국ESG기준원,A,A,A+,B+,2023,TRUE,,,student_lookup_required: find corp_code and annual-report rcept_no using OpenDART MCP/CLI/API; full key is kept in company_master_full.csv for instructor use
T02,extension,삼성에스디에스,,018260,IT서비스,2024,11011,,한국ESG기준원,A,B+,A+,A,2024,TRUE,,,student_lookup_required: find corp_code and annual-report rcept_no using OpenDART MCP/CLI/API; full key is kept in company_master_full.csv for instructor use
T02,extension,셀트리온,,068270,바이오의약품,2022,11011,,한국ESG기준원,B,C,B+,B,2022,TRUE,,,student_lookup_required: find corp_code and annual-report rcept_no using OpenDART MCP/CLI/API; full key is kept in company_master_full.csv for instructor use
T02,extension,셀트리온,,068270,바이오의약품,2023,11011,,한국ESG기준원,B,B+,A+,C,2023,TRUE,,,student_lookup_required: find corp_code and annual-report rcept_no using OpenDART MCP/CLI/API; full key is kept in company_master_full.csv for instructor use
T02,extension,셀트리온,,068270,바이오의약품,2024,11011,,한국ESG기준원,A,A,A+,A,2024,TRUE,,,student_lookup_required: find corp_code and annual-report rcept_no using OpenDART MCP/CLI/API; full key is kept in company_master_full.csv for instructor use
T03,extension,POSCO홀딩스,,005490,철강,2022,11011,,한국ESG기준원,A,A,A,A+,2022,TRUE,,,student_lookup_required: find corp_code and annual-report rcept_no using OpenDART MCP/CLI/API; full key is kept in company_master_full.csv for instructor use
T03,extension,POSCO홀딩스,,005490,철강,2023,11011,,한국ESG기준원,A+,A,A+,A+,2023,TRUE,,,student_lookup_required: find corp_code and annual-report rcept_no using OpenDART MCP/CLI/API; full key is kept in company_master_full.csv for instructor use
T03,extension,POSCO홀딩스,,005490,철강,2024,11011,,한국ESG기준원,A,A,A+,A,2024,TRUE,,,student_lookup_required: find corp_code and annual-report rcept_no using OpenDART MCP/CLI/API; full key is kept in company_master_full.csv for instructor use
T03,extension,LG화학,,051910,화학,2022,11011,,한국ESG기준원,B,C,A,B+,2022,TRUE,,,student_lookup_required: find corp_code and annual-report rcept_no using OpenDART MCP/CLI/API; full key is kept in company_master_full.csv for instructor use
T03,extension,LG화학,,051910,화학,2023,11011,,한국ESG기준원,A,B+,A+,A,2023,TRUE,,,student_lookup_required: find corp_code and annual-report rcept_no using OpenDART MCP/CLI/API; full key is kept in company_master_full.csv for instructor use
T03,extension,LG화학,,051910,화학,2024,11011,,한국ESG기준원,B+,B+,A,B+,2024,TRUE,,,student_lookup_required: find corp_code and annual-report rcept_no using OpenDART MCP/CLI/API; full key is kept in company_master_full.csv for instructor use
T03,extension,SK이노베이션,,096770,에너지/화학,2022,11011,,한국ESG기준원,A,B+,A+,A+,2022,TRUE,,,student_lookup_required: find corp_code and annual-report rcept_no using OpenDART MCP/CLI/API; full key is kept in company_master_full.csv for instructor use
T03,extension,SK이노베이션,,096770,에너지/화학,2023,11011,,한국ESG기준원,A+,A,A+,A+,2023,TRUE,,,student_lookup_required: find corp_code and annual-report rcept_no using OpenDART MCP/CLI/API; full key is kept in company_master_full.csv for instructor use
T03,extension,SK이노베이션,,096770,에너지/화학,2024,11011,,한국ESG기준원,A+,A,A+,A+,2024,TRUE,,,student_lookup_required: find corp_code and annual-report rcept_no using OpenDART MCP/CLI/API; full key is kept in company_master_full.csv for instructor use
T03,extension,롯데케미칼,,011170,화학,2022,11011,,한국ESG기준원,A,B+,A+,A,2022,TRUE,,,student_lookup_required: find corp_code and annual-report rcept_no using OpenDART MCP/CLI/API; full key is kept in company_master_full.csv for instructor use
T03,extension,롯데케미칼,,011170,화학,2023,11011,,한국ESG기준원,B+,A,A+,B,2023,TRUE,,,student_lookup_required: find corp_code and annual-report rcept_no using OpenDART MCP/CLI/API; full key is kept in company_master_full.csv for instructor use
T03,extension,롯데케미칼,,011170,화학,2024,11011,,한국ESG기준원,A,A,A+,B+,2024,TRUE,,,student_lookup_required: find corp_code and annual-report rcept_no using OpenDART MCP/CLI/API; full key is kept in company_master_full.csv for instructor use
T03,extension,고려아연,,010130,비철금속,2022,11011,,한국ESG기준원,B,B+,A,C,2022,TRUE,,,student_lookup_required: find corp_code and annual-report rcept_no using OpenDART MCP/CLI/API; full key is kept in company_master_full.csv for instructor use
T03,extension,고려아연,,010130,비철금속,2023,11011,,한국ESG기준원,B,A,A,C,2023,TRUE,,,student_lookup_required: find corp_code and annual-report rcept_no using OpenDART MCP/CLI/API; full key is kept in company_master_full.csv for instructor use
T03,extension,고려아연,,010130,비철금속,2024,11011,,한국ESG기준원,B+,B+,A,B+,2024,TRUE,,,student_lookup_required: find corp_code and annual-report rcept_no using OpenDART MCP/CLI/API; full key is kept in company_master_full.csv for instructor use
T03,extension,S-Oil,,010950,정유,2022,11011,,한국ESG기준원,A,B,A+,A+,2022,TRUE,,,student_lookup_required: find corp_code and annual-report rcept_no using OpenDART MCP/CLI/API; full key is kept in company_master_full.csv for instructor use
T03,extension,S-Oil,,010950,정유,2023,11011,,한국ESG기준원,A+,A,A+,A+,2023,TRUE,,,student_lookup_required: find corp_code and annual-report rcept_no using OpenDART MCP/CLI/API; full key is kept in company_master_full.csv for instructor use
T03,extension,S-Oil,,010950,정유,2024,11011,,한국ESG기준원,A,B+,A,A,2024,TRUE,,,student_lookup_required: find corp_code and annual-report rcept_no using OpenDART MCP/CLI/API; full key is kept in company_master_full.csv for instructor use
T04,extension,하나금융지주,,086790,금융지주,2022,11011,,한국ESG기준원,A,A+,A+,A,2022,TRUE,,,student_lookup_required: find corp_code and annual-report rcept_no using OpenDART MCP/CLI/API; full key is kept in company_master_full.csv for instructor use
T04,extension,하나금융지주,,086790,금융지주,2023,11011,,한국ESG기준원,A,A+,A+,A,2023,TRUE,,,student_lookup_required: find corp_code and annual-report rcept_no using OpenDART MCP/CLI/API; full key is kept in company_master_full.csv for instructor use
T04,extension,하나금융지주,,086790,금융지주,2024,11011,,한국ESG기준원,A,A+,A+,A,2024,TRUE,,,student_lookup_required: find corp_code and annual-report rcept_no using OpenDART MCP/CLI/API; full key is kept in company_master_full.csv for instructor use
T04,extension,신한지주,,055550,금융지주,2022,11011,,한국ESG기준원,A+,A+,A+,A+,2022,TRUE,,,student_lookup_required: find corp_code and annual-report rcept_no using OpenDART MCP/CLI/API; full key is kept in company_master_full.csv for instructor use
T04,extension,신한지주,,055550,금융지주,2023,11011,,한국ESG기준원,A+,A+,A+,A+,2023,TRUE,,,student_lookup_required: find corp_code and annual-report rcept_no using OpenDART MCP/CLI/API; full key is kept in company_master_full.csv for instructor use
T04,extension,신한지주,,055550,금융지주,2024,11011,,한국ESG기준원,A+,A+,A,A+,2024,TRUE,,,student_lookup_required: find corp_code and annual-report rcept_no using OpenDART MCP/CLI/API; full key is kept in company_master_full.csv for instructor use
T04,extension,KB금융지주,,105560,금융지주,2022,11011,,한국ESG기준원,A+,A+,A+,A+,2022,TRUE,,,student_lookup_required: find corp_code and annual-report rcept_no using OpenDART MCP/CLI/API; full key is kept in company_master_full.csv for instructor use
T04,extension,KB금융,,105560,금융지주,2023,11011,,한국ESG기준원,A+,A+,A+,A+,2023,TRUE,,,student_lookup_required: find corp_code and annual-report rcept_no using OpenDART MCP/CLI/API; full key is kept in company_master_full.csv for instructor use
T04,extension,KB금융,,105560,금융지주,2024,11011,,한국ESG기준원,A,A+,A+,A,2024,TRUE,,,student_lookup_required: find corp_code and annual-report rcept_no using OpenDART MCP/CLI/API; full key is kept in company_master_full.csv for instructor use
T04,extension,우리금융지주,,316140,금융지주,2022,11011,,한국ESG기준원,A,A,A+,B+,2022,TRUE,,,student_lookup_required: find corp_code and annual-report rcept_no using OpenDART MCP/CLI/API; full key is kept in company_master_full.csv for instructor use
T04,extension,우리금융지주,,316140,금융지주,2023,11011,,한국ESG기준원,A,A+,A+,A,2023,TRUE,,,student_lookup_required: find corp_code and annual-report rcept_no using OpenDART MCP/CLI/API; full key is kept in company_master_full.csv for instructor use
T04,extension,우리금융지주,,316140,금융지주,2024,11011,,한국ESG기준원,A,A+,A,B+,2024,TRUE,,,student_lookup_required: find corp_code and annual-report rcept_no using OpenDART MCP/CLI/API; full key is kept in company_master_full.csv for instructor use
T04,extension,BNK금융지주,,138930,금융지주,2022,11011,,한국ESG기준원,A,A,A,A,2022,TRUE,,,student_lookup_required: find corp_code and annual-report rcept_no using OpenDART MCP/CLI/API; full key is kept in company_master_full.csv for instructor use
T04,extension,BNK금융지주,,138930,금융지주,2023,11011,,한국ESG기준원,A,A,A+,A,2023,TRUE,,,student_lookup_required: find corp_code and annual-report rcept_no using OpenDART MCP/CLI/API; full key is kept in company_master_full.csv for instructor use
T04,extension,BNK금융지주,,138930,금융지주,2024,11011,,한국ESG기준원,A,A+,A+,A,2024,TRUE,,,student_lookup_required: find corp_code and annual-report rcept_no using OpenDART MCP/CLI/API; full key is kept in company_master_full.csv for instructor use
T04,extension,기업은행,,024110,은행,2022,11011,,한국ESG기준원,A,A+,A+,B+,2022,TRUE,,,student_lookup_required: find corp_code and annual-report rcept_no using OpenDART MCP/CLI/API; full key is kept in company_master_full.csv for instructor use
T04,extension,기업은행,,024110,은행,2023,11011,,한국ESG기준원,A,A+,A+,A,2023,TRUE,,,student_lookup_required: find corp_code and annual-report rcept_no using OpenDART MCP/CLI/API; full key is kept in company_master_full.csv for instructor use
T04,extension,기업은행,,024110,은행,2024,11011,,한국ESG기준원,B+,A+,A+,B,2024,TRUE,,,student_lookup_required: find corp_code and annual-report rcept_no using OpenDART MCP/CLI/API; full key is kept in company_master_full.csv for instructor use
ALL,background,동아쏘시오홀딩스,,000640,,2022,11011,,한국ESG기준원,A,B,A,A,2022,FALSE,,,student_lookup_required: find corp_code and annual-report rcept_no using OpenDART MCP/CLI/API; full key is kept in company_master_full.csv for instructor use
ALL,background,동아쏘시오홀딩스,,000640,,2023,11011,,한국ESG기준원,A,B+,A+,A,2023,FALSE,,,student_lookup_required: find corp_code and annual-report rcept_no using OpenDART MCP/CLI/API; full key is kept in company_master_full.csv for instructor use
ALL,background,동아쏘시오홀딩스,,000640,,2024,11011,,한국ESG기준원,A+,A,A+,A+,2024,FALSE,,,student_lookup_required: find corp_code and annual-report rcept_no using OpenDART MCP/CLI/API; full key is kept in company_master_full.csv for instructor use
ALL,background,SK네트웍스,,001740,,2022,11011,,한국ESG기준원,A,A,A+,B+,2022,FALSE,,,student_lookup_required: find corp_code and annual-report rcept_no using OpenDART MCP/CLI/API; full key is kept in company_master_full.csv for instructor use
ALL,background,SK네트웍스,,001740,,2023,11011,,한국ESG기준원,A,A,A+,A,2023,FALSE,,,student_lookup_required: find corp_code and annual-report rcept_no using OpenDART MCP/CLI/API; full key is kept in company_master_full.csv for instructor use
ALL,background,SK네트웍스,,001740,,2024,11011,,한국ESG기준원,A+,A,A+,A+,2024,FALSE,,,student_lookup_required: find corp_code and annual-report rcept_no using OpenDART MCP/CLI/API; full key is kept in company_master_full.csv for instructor use
ALL,background,아모레퍼시픽홀딩스,,002790,,2022,11011,,한국ESG기준원,A,A,A+,B+,2022,FALSE,,,student_lookup_required: find corp_code and annual-report rcept_no using OpenDART MCP/CLI/API; full key is kept in company_master_full.csv for instructor use
ALL,background,아모레퍼시픽홀딩스,,002790,,2023,11011,,한국ESG기준원,A,A,A+,A,2023,FALSE,,,student_lookup_required: find corp_code and annual-report rcept_no using OpenDART MCP/CLI/API; full key is kept in company_master_full.csv for instructor use
ALL,background,아모레퍼시픽홀딩스,,002790,,2024,11011,,한국ESG기준원,A+,A,A+,A+,2024,FALSE,,,student_lookup_required: find corp_code and annual-report rcept_no using OpenDART MCP/CLI/API; full key is kept in company_master_full.csv for instructor use
ALL,background,포스코케미칼,,003670,,2022,11011,,한국ESG기준원,B+,B+,A,B,2022,FALSE,,,student_lookup_required: find corp_code and annual-report rcept_no using OpenDART MCP/CLI/API; full key is kept in company_master_full.csv for instructor use
ALL,background,포스코퓨처엠,,003670,,2023,11011,,한국ESG기준원,A,A,A+,A,2023,FALSE,,,student_lookup_required: find corp_code and annual-report rcept_no using OpenDART MCP/CLI/API; full key is kept in company_master_full.csv for instructor use
ALL,background,포스코퓨처엠,,003670,,2024,11011,,한국ESG기준원,A+,A+,A+,A,2024,FALSE,,,student_lookup_required: find corp_code and annual-report rcept_no using OpenDART MCP/CLI/API; full key is kept in company_master_full.csv for instructor use
ALL,background,삼성SDI,,006400,,2022,11011,,한국ESG기준원,A,A,A+,B+,2022,FALSE,,,student_lookup_required: find corp_code and annual-report rcept_no using OpenDART MCP/CLI/API; full key is kept in company_master_full.csv for instructor use
ALL,background,삼성SDI,,006400,,2023,11011,,한국ESG기준원,A,A+,A+,B+,2023,FALSE,,,student_lookup_required: find corp_code and annual-report rcept_no using OpenDART MCP/CLI/API; full key is kept in company_master_full.csv for instructor use
ALL,background,삼성SDI,,006400,,2024,11011,,한국ESG기준원,A+,A+,A+,A,2024,FALSE,,,student_lookup_required: find corp_code and annual-report rcept_no using OpenDART MCP/CLI/API; full key is kept in company_master_full.csv for instructor use
ALL,background,GS리테일,,007070,,2022,11011,,한국ESG기준원,A,B+,A,A,2022,FALSE,,,student_lookup_required: find corp_code and annual-report rcept_no using OpenDART MCP/CLI/API; full key is kept in company_master_full.csv for instructor use
ALL,background,GS리테일,,007070,,2023,11011,,한국ESG기준원,A,A+,A,A,2023,FALSE,,,student_lookup_required: find corp_code and annual-report rcept_no using OpenDART MCP/CLI/API; full key is kept in company_master_full.csv for instructor use
ALL,background,GS리테일,,007070,,2024,11011,,한국ESG기준원,A+,A+,A+,A,2024,FALSE,,,student_lookup_required: find corp_code and annual-report rcept_no using OpenDART MCP/CLI/API; full key is kept in company_master_full.csv for instructor use
ALL,background,현대위아,,011210,,2022,11011,,한국ESG기준원,A,A,A,B+,2022,FALSE,,,student_lookup_required: find corp_code and annual-report rcept_no using OpenDART MCP/CLI/API; full key is kept in company_master_full.csv for instructor use
ALL,background,현대위아,,011210,,2023,11011,,한국ESG기준원,A+,A+,A+,A,2023,FALSE,,,student_lookup_required: find corp_code and annual-report rcept_no using OpenDART MCP/CLI/API; full key is kept in company_master_full.csv for instructor use
ALL,background,현대위아,,011210,,2024,11011,,한국ESG기준원,A+,A+,A+,A,2024,FALSE,,,student_lookup_required: find corp_code and annual-report rcept_no using OpenDART MCP/CLI/API; full key is kept in company_master_full.csv for instructor use
ALL,background,HL D&I,,014790,,2022,11011,,한국ESG기준원,B+,B+,A,B+,2022,FALSE,,,student_lookup_required: find corp_code and annual-report rcept_no using OpenDART MCP/CLI/API; full key is kept in company_master_full.csv for instructor use
ALL,background,HL D&I,,014790,,2023,11011,,한국ESG기준원,A,A,A+,B+,2023,FALSE,,,student_lookup_required: find corp_code and annual-report rcept_no using OpenDART MCP/CLI/API; full key is kept in company_master_full.csv for instructor use
ALL,background,HL D&I,,014790,,2024,11011,,한국ESG기준원,A+,A+,A+,A,2024,FALSE,,,student_lookup_required: find corp_code and annual-report rcept_no using OpenDART MCP/CLI/API; full key is kept in company_master_full.csv for instructor use
ALL,background,케이티,,030200,,2022,11011,,한국ESG기준원,A,A,B+,A,2022,FALSE,,,student_lookup_required: find corp_code and annual-report rcept_no using OpenDART MCP/CLI/API; full key is kept in company_master_full.csv for instructor use
ALL,background,케이티,,030200,,2023,11011,,한국ESG기준원,A,B+,A,A,2023,FALSE,,,student_lookup_required: find corp_code and annual-report rcept_no using OpenDART MCP/CLI/API; full key is kept in company_master_full.csv for instructor use
ALL,background,케이티,,030200,,2024,11011,,한국ESG기준원,A+,A,A+,A+,2024,FALSE,,,student_lookup_required: find corp_code and annual-report rcept_no using OpenDART MCP/CLI/API; full key is kept in company_master_full.csv for instructor use
ALL,background,현대두산인프라코어,,042670,,2022,11011,,한국ESG기준원,B+,B+,A,B+,2022,FALSE,,,student_lookup_required: find corp_code and annual-report rcept_no using OpenDART MCP/CLI/API; full key is kept in company_master_full.csv for instructor use
ALL,background,HD현대인프라코어,,042670,,2023,11011,,한국ESG기준원,A,A+,A+,B+,2023,FALSE,,,student_lookup_required: find corp_code and annual-report rcept_no using OpenDART MCP/CLI/API; full key is kept in company_master_full.csv for instructor use
ALL,background,HD현대인프라코어,,042670,,2024,11011,,한국ESG기준원,A+,A+,A+,A,2024,FALSE,,,student_lookup_required: find corp_code and annual-report rcept_no using OpenDART MCP/CLI/API; full key is kept in company_master_full.csv for instructor use
ALL,background,현대홈쇼핑,,057050,,2022,11011,,한국ESG기준원,A,A,A+,A,2022,FALSE,,,student_lookup_required: find corp_code and annual-report rcept_no using OpenDART MCP/CLI/API; full key is kept in company_master_full.csv for instructor use
ALL,background,현대홈쇼핑,,057050,,2023,11011,,한국ESG기준원,A,A,A+,A,2023,FALSE,,,student_lookup_required: find corp_code and annual-report rcept_no using OpenDART MCP/CLI/API; full key is kept in company_master_full.csv for instructor use
ALL,background,현대홈쇼핑,,057050,,2024,11011,,한국ESG기준원,A+,A,A+,A+,2024,FALSE,,,student_lookup_required: find corp_code and annual-report rcept_no using OpenDART MCP/CLI/API; full key is kept in company_master_full.csv for instructor use
ALL,background,현대로템,,064350,,2022,11011,,한국ESG기준원,A,A,A+,A,2022,FALSE,,,student_lookup_required: find corp_code and annual-report rcept_no using OpenDART MCP/CLI/API; full key is kept in company_master_full.csv for instructor use
ALL,background,현대로템,,064350,,2023,11011,,한국ESG기준원,A,A,A+,A,2023,FALSE,,,student_lookup_required: find corp_code and annual-report rcept_no using OpenDART MCP/CLI/API; full key is kept in company_master_full.csv for instructor use
ALL,background,현대로템,,064350,,2024,11011,,한국ESG기준원,A+,A+,A+,A,2024,FALSE,,,student_lookup_required: find corp_code and annual-report rcept_no using OpenDART MCP/CLI/API; full key is kept in company_master_full.csv for instructor use
ALL,background,삼양홀딩스,,000070,,2022,11011,,한국ESG기준원,B+,B+,A,B,2022,FALSE,,,student_lookup_required: find corp_code and annual-report rcept_no using OpenDART MCP/CLI/API; full key is kept in company_master_full.csv for instructor use
ALL,background,삼양홀딩스,,000070,,2023,11011,,한국ESG기준원,B+,A,A,B+,2023,FALSE,,,student_lookup_required: find corp_code and annual-report rcept_no using OpenDART MCP/CLI/API; full key is kept in company_master_full.csv for instructor use
ALL,background,삼양홀딩스,,000070,,2024,11011,,한국ESG기준원,A,A,A+,B+,2024,FALSE,,,student_lookup_required: find corp_code and annual-report rcept_no using OpenDART MCP/CLI/API; full key is kept in company_master_full.csv for instructor use
ALL,background,유한양행,,000100,,2022,11011,,한국ESG기준원,B+,B,A,B+,2022,FALSE,,,student_lookup_required: find corp_code and annual-report rcept_no using OpenDART MCP/CLI/API; full key is kept in company_master_full.csv for instructor use
ALL,background,유한양행,,000100,,2023,11011,,한국ESG기준원,A,B+,A+,A,2023,FALSE,,,student_lookup_required: find corp_code and annual-report rcept_no using OpenDART MCP/CLI/API; full key is kept in company_master_full.csv for instructor use
ALL,background,유한양행,,000100,,2024,11011,,한국ESG기준원,A,B+,A+,A,2024,FALSE,,,student_lookup_required: find corp_code and annual-report rcept_no using OpenDART MCP/CLI/API; full key is kept in company_master_full.csv for instructor use
ALL,background,두산,,000150,,2022,11011,,한국ESG기준원,B+,B+,A,B,2022,FALSE,,,student_lookup_required: find corp_code and annual-report rcept_no using OpenDART MCP/CLI/API; full key is kept in company_master_full.csv for instructor use
ALL,background,두산,,000150,,2023,11011,,한국ESG기준원,B+,A,A+,B,2023,FALSE,,,student_lookup_required: find corp_code and annual-report rcept_no using OpenDART MCP/CLI/API; full key is kept in company_master_full.csv for instructor use
ALL,background,두산,,000150,,2024,11011,,한국ESG기준원,A,A,A+,B+,2024,FALSE,,,student_lookup_required: find corp_code and annual-report rcept_no using OpenDART MCP/CLI/API; full key is kept in company_master_full.csv for instructor use
ALL,background,DL,,000210,,2022,11011,,한국ESG기준원,A,A,A+,A,2022,FALSE,,,student_lookup_required: find corp_code and annual-report rcept_no using OpenDART MCP/CLI/API; full key is kept in company_master_full.csv for instructor use
ALL,background,DL,,000210,,2023,11011,,한국ESG기준원,A,A,A,A,2023,FALSE,,,student_lookup_required: find corp_code and annual-report rcept_no using OpenDART MCP/CLI/API; full key is kept in company_master_full.csv for instructor use
ALL,background,DL,,000210,,2024,11011,,한국ESG기준원,A,A,A+,A,2024,FALSE,,,student_lookup_required: find corp_code and annual-report rcept_no using OpenDART MCP/CLI/API; full key is kept in company_master_full.csv for instructor use
ALL,background,기아,,000270,,2022,11011,,한국ESG기준원,B+,A,A,B,2022,FALSE,,,student_lookup_required: find corp_code and annual-report rcept_no using OpenDART MCP/CLI/API; full key is kept in company_master_full.csv for instructor use
ALL,background,기아,,000270,,2023,11011,,한국ESG기준원,B,A,A+,C,2023,FALSE,,,student_lookup_required: find corp_code and annual-report rcept_no using OpenDART MCP/CLI/API; full key is kept in company_master_full.csv for instructor use
ALL,background,기아,,000270,,2024,11011,,한국ESG기준원,A,A+,A+,B+,2024,FALSE,,,student_lookup_required: find corp_code and annual-report rcept_no using OpenDART MCP/CLI/API; full key is kept in company_master_full.csv for instructor use
ALL,background,노루홀딩스,,000320,,2022,11011,,한국ESG기준원,A,B+,A+,B+,2022,FALSE,,,student_lookup_required: find corp_code and annual-report rcept_no using OpenDART MCP/CLI/API; full key is kept in company_master_full.csv for instructor use
ALL,background,노루홀딩스,,000320,,2023,11011,,한국ESG기준원,A,A,A+,B+,2023,FALSE,,,student_lookup_required: find corp_code and annual-report rcept_no using OpenDART MCP/CLI/API; full key is kept in company_master_full.csv for instructor use
ALL,background,노루홀딩스,,000320,,2024,11011,,한국ESG기준원,A,A,A+,B+,2024,FALSE,,,student_lookup_required: find corp_code and annual-report rcept_no using OpenDART MCP/CLI/API; full key is kept in company_master_full.csv for instructor use
ALL,background,한화손해보험,,000370,,2022,11011,,한국ESG기준원,A,A,A,A,2022,FALSE,,,student_lookup_required: find corp_code and annual-report rcept_no using OpenDART MCP/CLI/API; full key is kept in company_master_full.csv for instructor use
ALL,background,한화손해보험,,000370,,2023,11011,,한국ESG기준원,A,A,A,A,2023,FALSE,,,student_lookup_required: find corp_code and annual-report rcept_no using OpenDART MCP/CLI/API; full key is kept in company_master_full.csv for instructor use
ALL,background,한화손해보험,,000370,,2024,11011,,한국ESG기준원,A,A,A+,B+,2024,FALSE,,,student_lookup_required: find corp_code and annual-report rcept_no using OpenDART MCP/CLI/API; full key is kept in company_master_full.csv for instructor use
ALL,background,현대건설,,000720,,2022,11011,,한국ESG기준원,A,A,A,B+,2022,FALSE,,,student_lookup_required: find corp_code and annual-report rcept_no using OpenDART MCP/CLI/API; full key is kept in company_master_full.csv for instructor use
ALL,background,현대건설,,000720,,2023,11011,,한국ESG기준원,A,A,A,A,2023,FALSE,,,student_lookup_required: find corp_code and annual-report rcept_no using OpenDART MCP/CLI/API; full key is kept in company_master_full.csv for instructor use
ALL,background,현대건설,,000720,,2024,11011,,한국ESG기준원,A,A,A,B+,2024,FALSE,,,student_lookup_required: find corp_code and annual-report rcept_no using OpenDART MCP/CLI/API; full key is kept in company_master_full.csv for instructor use
ALL,background,LX인터내셔널,,001120,,2022,11011,,한국ESG기준원,A,B+,A,A,2022,FALSE,,,student_lookup_required: find corp_code and annual-report rcept_no using OpenDART MCP/CLI/API; full key is kept in company_master_full.csv for instructor use
ALL,background,LX인터내셔널,,001120,,2023,11011,,한국ESG기준원,B+,B+,A+,B,2023,FALSE,,,student_lookup_required: find corp_code and annual-report rcept_no using OpenDART MCP/CLI/API; full key is kept in company_master_full.csv for instructor use
ALL,background,LX인터내셔널,,001120,,2024,11011,,한국ESG기준원,A,B+,A+,B+,2024,FALSE,,,student_lookup_required: find corp_code and annual-report rcept_no using OpenDART MCP/CLI/API; full key is kept in company_master_full.csv for instructor use
ALL,background,동국제강,,001230,,2022,11011,,한국ESG기준원,B,B+,B,B,2022,FALSE,,,student_lookup_required: find corp_code and annual-report rcept_no using OpenDART MCP/CLI/API; full key is kept in company_master_full.csv for instructor use
ALL,background,동국홀딩스,,001230,,2023,11011,,한국ESG기준원,A,A,A,B+,2023,FALSE,,,student_lookup_required: find corp_code and annual-report rcept_no using OpenDART MCP/CLI/API; full key is kept in company_master_full.csv for instructor use
ALL,background,동국홀딩스,,001230,,2024,11011,,한국ESG기준원,A,B+,A+,B+,2024,FALSE,,,student_lookup_required: find corp_code and annual-report rcept_no using OpenDART MCP/CLI/API; full key is kept in company_master_full.csv for instructor use
ALL,background,세아베스틸지주,,001430,,2022,11011,,한국ESG기준원,C,C,B,B,2022,FALSE,,,student_lookup_required: find corp_code and annual-report rcept_no using OpenDART MCP/CLI/API; full key is kept in company_master_full.csv for instructor use
ALL,background,세아베스틸지주,,001430,,2023,11011,,한국ESG기준원,A,A,A,A,2023,FALSE,,,student_lookup_required: find corp_code and annual-report rcept_no using OpenDART MCP/CLI/API; full key is kept in company_master_full.csv for instructor use
ALL,background,세아베스틸지주,,001430,,2024,11011,,한국ESG기준원,A,A,B+,A,2024,FALSE,,,student_lookup_required: find corp_code and annual-report rcept_no using OpenDART MCP/CLI/API; full key is kept in company_master_full.csv for instructor use
ALL,background,대한전선,,001440,,2022,11011,,한국ESG기준원,A,B+,A+,B+,2022,FALSE,,,student_lookup_required: find corp_code and annual-report rcept_no using OpenDART MCP/CLI/API; full key is kept in company_master_full.csv for instructor use
ALL,background,대한전선,,001440,,2023,11011,,한국ESG기준원,A,A,A+,B+,2023,FALSE,,,student_lookup_required: find corp_code and annual-report rcept_no using OpenDART MCP/CLI/API; full key is kept in company_master_full.csv for instructor use
ALL,background,대한전선,,001440,,2024,11011,,한국ESG기준원,A,A,A+,B+,2024,FALSE,,,student_lookup_required: find corp_code and annual-report rcept_no using OpenDART MCP/CLI/API; full key is kept in company_master_full.csv for instructor use
ALL,background,현대해상,,001450,,2022,11011,,한국ESG기준원,B+,A,A,B+,2022,FALSE,,,student_lookup_required: find corp_code and annual-report rcept_no using OpenDART MCP/CLI/API; full key is kept in company_master_full.csv for instructor use
ALL,background,현대해상,,001450,,2023,11011,,한국ESG기준원,A,A,A+,A,2023,FALSE,,,student_lookup_required: find corp_code and annual-report rcept_no using OpenDART MCP/CLI/API; full key is kept in company_master_full.csv for instructor use
ALL,background,현대해상,,001450,,2024,11011,,한국ESG기준원,A,A,A+,A,2024,FALSE,,,student_lookup_required: find corp_code and annual-report rcept_no using OpenDART MCP/CLI/API; full key is kept in company_master_full.csv for instructor use
ALL,background,종근당홀딩스,,001630,,2022,11011,,한국ESG기준원,B+,B+,A,B,2022,FALSE,,,student_lookup_required: find corp_code and annual-report rcept_no using OpenDART MCP/CLI/API; full key is kept in company_master_full.csv for instructor use
ALL,background,종근당홀딩스,,001630,,2023,11011,,한국ESG기준원,B+,A,A,B+,2023,FALSE,,,student_lookup_required: find corp_code and annual-report rcept_no using OpenDART MCP/CLI/API; full key is kept in company_master_full.csv for instructor use
ALL,background,종근당홀딩스,,001630,,2024,11011,,한국ESG기준원,A,A,A,A,2024,FALSE,,,student_lookup_required: find corp_code and annual-report rcept_no using OpenDART MCP/CLI/API; full key is kept in company_master_full.csv for instructor use
ALL,background,대상,,001680,,2022,11011,,한국ESG기준원,B+,A,A+,B,2022,FALSE,,,student_lookup_required: find corp_code and annual-report rcept_no using OpenDART MCP/CLI/API; full key is kept in company_master_full.csv for instructor use
ALL,background,대상,,001680,,2023,11011,,한국ESG기준원,A,A,A+,B+,2023,FALSE,,,student_lookup_required: find corp_code and annual-report rcept_no using OpenDART MCP/CLI/API; full key is kept in company_master_full.csv for instructor use
ALL,background,대상,,001680,,2024,11011,,한국ESG기준원,A,A,A+,B+,2024,FALSE,,,student_lookup_required: find corp_code and annual-report rcept_no using OpenDART MCP/CLI/API; full key is kept in company_master_full.csv for instructor use
ALL,background,오리온홀딩스,,001800,,2022,11011,,한국ESG기준원,A,B+,A,A,2022,FALSE,,,student_lookup_required: find corp_code and annual-report rcept_no using OpenDART MCP/CLI/API; full key is kept in company_master_full.csv for instructor use
ALL,background,오리온홀딩스,,001800,,2023,11011,,한국ESG기준원,A,A,A,A,2023,FALSE,,,student_lookup_required: find corp_code and annual-report rcept_no using OpenDART MCP/CLI/API; full key is kept in company_master_full.csv for instructor use
ALL,background,오리온홀딩스,,001800,,2024,11011,,한국ESG기준원,A,A,A,A,2024,FALSE,,,student_lookup_required: find corp_code and annual-report rcept_no using OpenDART MCP/CLI/API; full key is kept in company_master_full.csv for instructor use
ALL,background,아세아,,002030,,2022,11011,,한국ESG기준원,B+,B,B+,B+,2022,FALSE,,,student_lookup_required: find corp_code and annual-report rcept_no using OpenDART MCP/CLI/API; full key is kept in company_master_full.csv for instructor use
ALL,background,아세아,,002030,,2023,11011,,한국ESG기준원,A,B+,B+,A,2023,FALSE,,,student_lookup_required: find corp_code and annual-report rcept_no using OpenDART MCP/CLI/API; full key is kept in company_master_full.csv for instructor use
ALL,background,아세아,,002030,,2024,11011,,한국ESG기준원,A,A,A,A,2024,FALSE,,,student_lookup_required: find corp_code and annual-report rcept_no using OpenDART MCP/CLI/API; full key is kept in company_master_full.csv for instructor use
ALL,background,한진,,002320,,2022,11011,,한국ESG기준원,B+,B+,A,B+,2022,FALSE,,,student_lookup_required: find corp_code and annual-report rcept_no using OpenDART MCP/CLI/API; full key is kept in company_master_full.csv for instructor use
ALL,background,한진,,002320,,2023,11011,,한국ESG기준원,A,A,A,A,2023,FALSE,,,student_lookup_required: find corp_code and annual-report rcept_no using OpenDART MCP/CLI/API; full key is kept in company_master_full.csv for instructor use
ALL,background,한진,,002320,,2024,11011,,한국ESG기준원,A,A,A,A,2024,FALSE,,,student_lookup_required: find corp_code and annual-report rcept_no using OpenDART MCP/CLI/API; full key is kept in company_master_full.csv for instructor use
ALL,background,하이트진로,,000080,,2022,11011,,한국ESG기준원,B,B,B+,B,2022,FALSE,,,student_lookup_required: find corp_code and annual-report rcept_no using OpenDART MCP/CLI/API; full key is kept in company_master_full.csv for instructor use
ALL,background,하이트진로,,000080,,2023,11011,,한국ESG기준원,B,A,A,C,2023,FALSE,,,student_lookup_required: find corp_code and annual-report rcept_no using OpenDART MCP/CLI/API; full key is kept in company_master_full.csv for instructor use
ALL,background,하이트진로,,000080,,2024,11011,,한국ESG기준원,B+,A,A,B,2024,FALSE,,,student_lookup_required: find corp_code and annual-report rcept_no using OpenDART MCP/CLI/API; full key is kept in company_master_full.csv for instructor use
ALL,background,하이트진로홀딩스,,000140,,2022,11011,,한국ESG기준원,B,B,B+,B,2022,FALSE,,,student_lookup_required: find corp_code and annual-report rcept_no using OpenDART MCP/CLI/API; full key is kept in company_master_full.csv for instructor use
ALL,background,하이트진로홀딩스,,000140,,2023,11011,,한국ESG기준원,B+,A,A,B,2023,FALSE,,,student_lookup_required: find corp_code and annual-report rcept_no using OpenDART MCP/CLI/API; full key is kept in company_master_full.csv for instructor use
ALL,background,하이트진로홀딩스,,000140,,2024,11011,,한국ESG기준원,B+,A,A,B,2024,FALSE,,,student_lookup_required: find corp_code and annual-report rcept_no using OpenDART MCP/CLI/API; full key is kept in company_master_full.csv for instructor use
ALL,background,일동홀딩스,,000230,,2022,11011,,한국ESG기준원,B+,C,A+,B+,2022,FALSE,,,student_lookup_required: find corp_code and annual-report rcept_no using OpenDART MCP/CLI/API; full key is kept in company_master_full.csv for instructor use
ALL,background,일동홀딩스,,000230,,2023,11011,,한국ESG기준원,A,B+,A+,B+,2023,FALSE,,,student_lookup_required: find corp_code and annual-report rcept_no using OpenDART MCP/CLI/API; full key is kept in company_master_full.csv for instructor use
ALL,background,일동홀딩스,,000230,,2024,11011,,한국ESG기준원,B+,A,A,B+,2024,FALSE,,,student_lookup_required: find corp_code and annual-report rcept_no using OpenDART MCP/CLI/API; full key is kept in company_master_full.csv for instructor use
ALL,background,삼화페인트공업,,000390,,2022,11011,,한국ESG기준원,B,C,B+,B+,2022,FALSE,,,student_lookup_required: find corp_code and annual-report rcept_no using OpenDART MCP/CLI/API; full key is kept in company_master_full.csv for instructor use
ALL,background,삼화페인트공업,,000390,,2023,11011,,한국ESG기준원,B+,B+,A,B+,2023,FALSE,,,student_lookup_required: find corp_code and annual-report rcept_no using OpenDART MCP/CLI/API; full key is kept in company_master_full.csv for instructor use
ALL,background,삼화페인트공업,,000390,,2024,11011,,한국ESG기준원,B+,B+,B+,B+,2024,FALSE,,,student_lookup_required: find corp_code and annual-report rcept_no using OpenDART MCP/CLI/API; full key is kept in company_master_full.csv for instructor use
ALL,background,롯데손해보험,,000400,,2022,11011,,한국ESG기준원,B+,B,B+,B+,2022,FALSE,,,student_lookup_required: find corp_code and annual-report rcept_no using OpenDART MCP/CLI/API; full key is kept in company_master_full.csv for instructor use
ALL,background,롯데손해보험,,000400,,2023,11011,,한국ESG기준원,B+,B,B+,B+,2023,FALSE,,,student_lookup_required: find corp_code and annual-report rcept_no using OpenDART MCP/CLI/API; full key is kept in company_master_full.csv for instructor use
ALL,background,롯데손해보험,,000400,,2024,11011,,한국ESG기준원,B+,C,A,B+,2024,FALSE,,,student_lookup_required: find corp_code and annual-report rcept_no using OpenDART MCP/CLI/API; full key is kept in company_master_full.csv for instructor use
ALL,background,대원강업,,000430,,2022,11011,,한국ESG기준원,C,C,D,C,2022,FALSE,,,student_lookup_required: find corp_code and annual-report rcept_no using OpenDART MCP/CLI/API; full key is kept in company_master_full.csv for instructor use
ALL,background,대원강업,,000430,,2023,11011,,한국ESG기준원,C,B,B+,C,2023,FALSE,,,student_lookup_required: find corp_code and annual-report rcept_no using OpenDART MCP/CLI/API; full key is kept in company_master_full.csv for instructor use
ALL,background,대원강업,,000430,,2024,11011,,한국ESG기준원,B+,B+,A,B+,2024,FALSE,,,student_lookup_required: find corp_code and annual-report rcept_no using OpenDART MCP/CLI/API; full key is kept in company_master_full.csv for instructor use
ALL,background,대동,,000490,,2022,11011,,한국ESG기준원,D,C,C,D,2022,FALSE,,,student_lookup_required: find corp_code and annual-report rcept_no using OpenDART MCP/CLI/API; full key is kept in company_master_full.csv for instructor use
ALL,background,대동,,000490,,2023,11011,,한국ESG기준원,C,B,A,D,2023,FALSE,,,student_lookup_required: find corp_code and annual-report rcept_no using OpenDART MCP/CLI/API; full key is kept in company_master_full.csv for instructor use
ALL,background,대동,,000490,,2024,11011,,한국ESG기준원,B+,B+,A+,B,2024,FALSE,,,student_lookup_required: find corp_code and annual-report rcept_no using OpenDART MCP/CLI/API; full key is kept in company_master_full.csv for instructor use
ALL,background,흥국화재,,000540,,2022,11011,,한국ESG기준원,B+,C,B+,B+,2022,FALSE,,,student_lookup_required: find corp_code and annual-report rcept_no using OpenDART MCP/CLI/API; full key is kept in company_master_full.csv for instructor use
ALL,background,흥국화재,,000540,,2023,11011,,한국ESG기준원,B+,B,B+,B+,2023,FALSE,,,student_lookup_required: find corp_code and annual-report rcept_no using OpenDART MCP/CLI/API; full key is kept in company_master_full.csv for instructor use
ALL,background,흥국화재,,000540,,2024,11011,,한국ESG기준원,B+,C,B+,B+,2024,FALSE,,,student_lookup_required: find corp_code and annual-report rcept_no using OpenDART MCP/CLI/API; full key is kept in company_master_full.csv for instructor use
ALL,background,LS네트웍스,,000680,,2022,11011,,한국ESG기준원,B,C,B+,B,2022,FALSE,,,student_lookup_required: find corp_code and annual-report rcept_no using OpenDART MCP/CLI/API; full key is kept in company_master_full.csv for instructor use
ALL,background,LS네트웍스,,000680,,2023,11011,,한국ESG기준원,B+,B,A,B+,2023,FALSE,,,student_lookup_required: find corp_code and annual-report rcept_no using OpenDART MCP/CLI/API; full key is kept in company_master_full.csv for instructor use
ALL,background,LS네트웍스,,000680,,2024,11011,,한국ESG기준원,B+,B,A,B+,2024,FALSE,,,student_lookup_required: find corp_code and annual-report rcept_no using OpenDART MCP/CLI/API; full key is kept in company_master_full.csv for instructor use
ALL,background,유수홀딩스,,000700,,2022,11011,,한국ESG기준원,B+,B,B+,B+,2022,FALSE,,,student_lookup_required: find corp_code and annual-report rcept_no using OpenDART MCP/CLI/API; full key is kept in company_master_full.csv for instructor use
ALL,background,유수홀딩스,,000700,,2023,11011,,한국ESG기준원,B+,B+,A,B+,2023,FALSE,,,student_lookup_required: find corp_code and annual-report rcept_no using OpenDART MCP/CLI/API; full key is kept in company_master_full.csv for instructor use
ALL,background,유수홀딩스,,000700,,2024,11011,,한국ESG기준원,B+,B+,A,B+,2024,FALSE,,,student_lookup_required: find corp_code and annual-report rcept_no using OpenDART MCP/CLI/API; full key is kept in company_master_full.csv for instructor use
ALL,background,삼성화재해상보험,,000810,,2022,11011,,한국ESG기준원,A,A,A,A,2022,FALSE,,,student_lookup_required: find corp_code and annual-report rcept_no using OpenDART MCP/CLI/API; full key is kept in company_master_full.csv for instructor use
ALL,background,삼성화재해상보험,,000810,,2023,11011,,한국ESG기준원,A,A,A+,A,2023,FALSE,,,student_lookup_required: find corp_code and annual-report rcept_no using OpenDART MCP/CLI/API; full key is kept in company_master_full.csv for instructor use
ALL,background,삼성화재해상보험,,000810,,2024,11011,,한국ESG기준원,B+,A,A,B+,2024,FALSE,,,student_lookup_required: find corp_code and annual-report rcept_no using OpenDART MCP/CLI/API; full key is kept in company_master_full.csv for instructor use
ALL,background,강남제비스코,,000860,,2022,11011,,한국ESG기준원,C,C,B,B,2022,FALSE,,,student_lookup_required: find corp_code and annual-report rcept_no using OpenDART MCP/CLI/API; full key is kept in company_master_full.csv for instructor use
ALL,background,강남제비스코,,000860,,2023,11011,,한국ESG기준원,B+,B+,B+,B+,2023,FALSE,,,student_lookup_required: find corp_code and annual-report rcept_no using OpenDART MCP/CLI/API; full key is kept in company_master_full.csv for instructor use
ALL,background,강남제비스코,,000860,,2024,11011,,한국ESG기준원,B+,A,B+,B+,2024,FALSE,,,student_lookup_required: find corp_code and annual-report rcept_no using OpenDART MCP/CLI/API; full key is kept in company_master_full.csv for instructor use
ALL,background,한화,,000880,,2022,11011,,한국ESG기준원,A,A,A+,A,2022,FALSE,,,student_lookup_required: find corp_code and annual-report rcept_no using OpenDART MCP/CLI/API; full key is kept in company_master_full.csv for instructor use
ALL,background,한화,,000880,,2023,11011,,한국ESG기준원,B+,B+,B+,B+,2023,FALSE,,,student_lookup_required: find corp_code and annual-report rcept_no using OpenDART MCP/CLI/API; full key is kept in company_master_full.csv for instructor use
ALL,background,한화,,000880,,2024,11011,,한국ESG기준원,B+,A,B+,B+,2024,FALSE,,,student_lookup_required: find corp_code and annual-report rcept_no using OpenDART MCP/CLI/API; full key is kept in company_master_full.csv for instructor use
ALL,background,JW중외제약,,001060,,2022,11011,,한국ESG기준원,C,B,B+,D,2022,FALSE,,,student_lookup_required: find corp_code and annual-report rcept_no using OpenDART MCP/CLI/API; full key is kept in company_master_full.csv for instructor use
ALL,background,JW중외제약,,001060,,2023,11011,,한국ESG기준원,B+,B,A,B+,2023,FALSE,,,student_lookup_required: find corp_code and annual-report rcept_no using OpenDART MCP/CLI/API; full key is kept in company_master_full.csv for instructor use
ALL,background,JW중외제약,,001060,,2024,11011,,한국ESG기준원,B+,B+,A,B+,2024,FALSE,,,student_lookup_required: find corp_code and annual-report rcept_no using OpenDART MCP/CLI/API; full key is kept in company_master_full.csv for instructor use
ALL,background,GS글로벌,,001250,,2022,11011,,한국ESG기준원,B+,C,B+,B+,2022,FALSE,,,student_lookup_required: find corp_code and annual-report rcept_no using OpenDART MCP/CLI/API; full key is kept in company_master_full.csv for instructor use
ALL,background,GS글로벌,,001250,,2023,11011,,한국ESG기준원,B+,B+,B+,B+,2023,FALSE,,,student_lookup_required: find corp_code and annual-report rcept_no using OpenDART MCP/CLI/API; full key is kept in company_master_full.csv for instructor use
ALL,background,GS글로벌,,001250,,2024,11011,,한국ESG기준원,B+,B+,A,B+,2024,FALSE,,,student_lookup_required: find corp_code and annual-report rcept_no using OpenDART MCP/CLI/API; full key is kept in company_master_full.csv for instructor use
ALL,background,현대차증권,,001500,,2022,11011,,한국ESG기준원,A,B+,A+,B+,2022,FALSE,,,student_lookup_required: find corp_code and annual-report rcept_no using OpenDART MCP/CLI/API; full key is kept in company_master_full.csv for instructor use
ALL,background,현대차증권,,001500,,2023,11011,,한국ESG기준원,A,B+,A+,B+,2023,FALSE,,,student_lookup_required: find corp_code and annual-report rcept_no using OpenDART MCP/CLI/API; full key is kept in company_master_full.csv for instructor use
ALL,background,현대차증권,,001500,,2024,11011,,한국ESG기준원,B+,A,A,B+,2024,FALSE,,,student_lookup_required: find corp_code and annual-report rcept_no using OpenDART MCP/CLI/API; full key is kept in company_master_full.csv for instructor use
ALL,background,SK증권,,001510,,2022,11011,,한국ESG기준원,B+,C,B+,B+,2022,FALSE,,,student_lookup_required: find corp_code and annual-report rcept_no using OpenDART MCP/CLI/API; full key is kept in company_master_full.csv for instructor use
ALL,background,SK증권,,001510,,2023,11011,,한국ESG기준원,B+,B,B+,B+,2023,FALSE,,,student_lookup_required: find corp_code and annual-report rcept_no using OpenDART MCP/CLI/API; full key is kept in company_master_full.csv for instructor use
ALL,background,SK증권,,001510,,2024,11011,,한국ESG기준원,B+,A,B+,B+,2024,FALSE,,,student_lookup_required: find corp_code and annual-report rcept_no using OpenDART MCP/CLI/API; full key is kept in company_master_full.csv for instructor use
ALL,background,신영증권,,001720,,2022,11011,,한국ESG기준원,B+,C,B+,B+,2022,FALSE,,,student_lookup_required: find corp_code and annual-report rcept_no using OpenDART MCP/CLI/API; full key is kept in company_master_full.csv for instructor use
ALL,background,신영증권,,001720,,2023,11011,,한국ESG기준원,B+,B,A,B+,2023,FALSE,,,student_lookup_required: find corp_code and annual-report rcept_no using OpenDART MCP/CLI/API; full key is kept in company_master_full.csv for instructor use
ALL,background,신영증권,,001720,,2024,11011,,한국ESG기준원,B+,B+,A,B+,2024,FALSE,,,student_lookup_required: find corp_code and annual-report rcept_no using OpenDART MCP/CLI/API; full key is kept in company_master_full.csv for instructor use
ALL,background,한국앤컴퍼니,,000240,,2022,11011,,한국ESG기준원,B,C,B,B+,2022,FALSE,,,student_lookup_required: find corp_code and annual-report rcept_no using OpenDART MCP/CLI/API; full key is kept in company_master_full.csv for instructor use
ALL,background,한국앤컴퍼니,,000240,,2023,11011,,한국ESG기준원,B+,B+,A,B+,2023,FALSE,,,student_lookup_required: find corp_code and annual-report rcept_no using OpenDART MCP/CLI/API; full key is kept in company_master_full.csv for instructor use
ALL,background,한국앤컴퍼니,,000240,,2024,11011,,한국ESG기준원,B,B+,A,C,2024,FALSE,,,student_lookup_required: find corp_code and annual-report rcept_no using OpenDART MCP/CLI/API; full key is kept in company_master_full.csv for instructor use
ALL,background,가온전선,,000500,,2022,11011,,한국ESG기준원,B,C,B+,B+,2022,FALSE,,,student_lookup_required: find corp_code and annual-report rcept_no using OpenDART MCP/CLI/API; full key is kept in company_master_full.csv for instructor use
ALL,background,가온전선,,000500,,2023,11011,,한국ESG기준원,B+,B+,A,B,2023,FALSE,,,student_lookup_required: find corp_code and annual-report rcept_no using OpenDART MCP/CLI/API; full key is kept in company_master_full.csv for instructor use
ALL,background,가온전선,,000500,,2024,11011,,한국ESG기준원,B,A,A,C,2024,FALSE,,,student_lookup_required: find corp_code and annual-report rcept_no using OpenDART MCP/CLI/API; full key is kept in company_master_full.csv for instructor use
ALL,background,영풍,,000670,,2022,11011,,한국ESG기준원,B,C,B+,B,2022,FALSE,,,student_lookup_required: find corp_code and annual-report rcept_no using OpenDART MCP/CLI/API; full key is kept in company_master_full.csv for instructor use
ALL,background,영풍,,000670,,2023,11011,,한국ESG기준원,B+,B+,B+,B,2023,FALSE,,,student_lookup_required: find corp_code and annual-report rcept_no using OpenDART MCP/CLI/API; full key is kept in company_master_full.csv for instructor use
ALL,background,영풍,,000670,,2024,11011,,한국ESG기준원,B,C,B,B+,2024,FALSE,,,student_lookup_required: find corp_code and annual-report rcept_no using OpenDART MCP/CLI/API; full key is kept in company_master_full.csv for instructor use
ALL,background,넥센타이어,,002350,,2022,11011,,한국ESG기준원,B+,B+,A,B,2022,FALSE,,,student_lookup_required: find corp_code and annual-report rcept_no using OpenDART MCP/CLI/API; full key is kept in company_master_full.csv for instructor use
ALL,background,넥센타이어,,002350,,2023,11011,,한국ESG기준원,B+,A,A,B,2023,FALSE,,,student_lookup_required: find corp_code and annual-report rcept_no using OpenDART MCP/CLI/API; full key is kept in company_master_full.csv for instructor use
ALL,background,넥센타이어,,002350,,2024,11011,,한국ESG기준원,B,A,A+,C,2024,FALSE,,,student_lookup_required: find corp_code and annual-report rcept_no using OpenDART MCP/CLI/API; full key is kept in company_master_full.csv for instructor use
ALL,background,조흥,,002600,,2022,11011,,한국ESG기준원,C,C,C,C,2022,FALSE,,,student_lookup_required: find corp_code and annual-report rcept_no using OpenDART MCP/CLI/API; full key is kept in company_master_full.csv for instructor use
ALL,background,조흥,,002600,,2023,11011,,한국ESG기준원,C,C,B,C,2023,FALSE,,,student_lookup_required: find corp_code and annual-report rcept_no using OpenDART MCP/CLI/API; full key is kept in company_master_full.csv for instructor use
ALL,background,조흥,,002600,,2024,11011,,한국ESG기준원,B,B+,C,B,2024,FALSE,,,student_lookup_required: find corp_code and annual-report rcept_no using OpenDART MCP/CLI/API; full key is kept in company_master_full.csv for instructor use
ALL,background,태광산업,,003240,,2022,11011,,한국ESG기준원,D,D,C,C,2022,FALSE,,,student_lookup_required: find corp_code and annual-report rcept_no using OpenDART MCP/CLI/API; full key is kept in company_master_full.csv for instructor use
ALL,background,태광산업,,003240,,2023,11011,,한국ESG기준원,C,C,C,C,2023,FALSE,,,student_lookup_required: find corp_code and annual-report rcept_no using OpenDART MCP/CLI/API; full key is kept in company_master_full.csv for instructor use
ALL,background,태광산업,,003240,,2024,11011,,한국ESG기준원,B,B+,A+,C,2024,FALSE,,,student_lookup_required: find corp_code and annual-report rcept_no using OpenDART MCP/CLI/API; full key is kept in company_master_full.csv for instructor use
ALL,background,흥아해운,,003280,,2022,11011,,한국ESG기준원,C,C,B,C,2022,FALSE,,,student_lookup_required: find corp_code and annual-report rcept_no using OpenDART MCP/CLI/API; full key is kept in company_master_full.csv for instructor use
ALL,background,흥아해운,,003280,,2023,11011,,한국ESG기준원,B,B,B+,B,2023,FALSE,,,student_lookup_required: find corp_code and annual-report rcept_no using OpenDART MCP/CLI/API; full key is kept in company_master_full.csv for instructor use
ALL,background,흥아해운,,003280,,2024,11011,,한국ESG기준원,B,B,B+,B,2024,FALSE,,,student_lookup_required: find corp_code and annual-report rcept_no using OpenDART MCP/CLI/API; full key is kept in company_master_full.csv for instructor use
ALL,background,남양유업,,003920,,2022,11011,,한국ESG기준원,C,B,B+,D,2022,FALSE,,,student_lookup_required: find corp_code and annual-report rcept_no using OpenDART MCP/CLI/API; full key is kept in company_master_full.csv for instructor use
ALL,background,남양유업,,003920,,2023,11011,,한국ESG기준원,B,B+,A,C,2023,FALSE,,,student_lookup_required: find corp_code and annual-report rcept_no using OpenDART MCP/CLI/API; full key is kept in company_master_full.csv for instructor use
ALL,background,남양유업,,003920,,2024,11011,,한국ESG기준원,B,A,A+,C,2024,FALSE,,,student_lookup_required: find corp_code and annual-report rcept_no using OpenDART MCP/CLI/API; full key is kept in company_master_full.csv for instructor use
ALL,background,농심,,004370,,2022,11011,,한국ESG기준원,C,B,A,D,2022,FALSE,,,student_lookup_required: find corp_code and annual-report rcept_no using OpenDART MCP/CLI/API; full key is kept in company_master_full.csv for instructor use
ALL,background,농심,,004370,,2023,11011,,한국ESG기준원,B+,A,A,B,2023,FALSE,,,student_lookup_required: find corp_code and annual-report rcept_no using OpenDART MCP/CLI/API; full key is kept in company_master_full.csv for instructor use
ALL,background,농심,,004370,,2024,11011,,한국ESG기준원,B,A,B+,C,2024,FALSE,,,student_lookup_required: find corp_code and annual-report rcept_no using OpenDART MCP/CLI/API; full key is kept in company_master_full.csv for instructor use
ALL,background,깨끗한나라,,004540,,2022,11011,,한국ESG기준원,C,C,B,C,2022,FALSE,,,student_lookup_required: find corp_code and annual-report rcept_no using OpenDART MCP/CLI/API; full key is kept in company_master_full.csv for instructor use
ALL,background,깨끗한나라,,004540,,2023,11011,,한국ESG기준원,B+,B+,B+,B,2023,FALSE,,,student_lookup_required: find corp_code and annual-report rcept_no using OpenDART MCP/CLI/API; full key is kept in company_master_full.csv for instructor use
ALL,background,깨끗한나라,,004540,,2024,11011,,한국ESG기준원,B,B,B+,B,2024,FALSE,,,student_lookup_required: find corp_code and annual-report rcept_no using OpenDART MCP/CLI/API; full key is kept in company_master_full.csv for instructor use
ALL,background,SGC에너지,,005090,,2022,11011,,한국ESG기준원,B+,B+,A,B+,2022,FALSE,,,student_lookup_required: find corp_code and annual-report rcept_no using OpenDART MCP/CLI/API; full key is kept in company_master_full.csv for instructor use
ALL,background,SGC에너지,,005090,,2023,11011,,한국ESG기준원,B+,A,A,B,2023,FALSE,,,student_lookup_required: find corp_code and annual-report rcept_no using OpenDART MCP/CLI/API; full key is kept in company_master_full.csv for instructor use
ALL,background,SGC에너지,,005090,,2024,11011,,한국ESG기준원,B,A,B+,C,2024,FALSE,,,student_lookup_required: find corp_code and annual-report rcept_no using OpenDART MCP/CLI/API; full key is kept in company_master_full.csv for instructor use
ALL,background,동진쎄미켐,,005290,,2022,11011,,한국ESG기준원,C,C,B+,D,2022,FALSE,,,student_lookup_required: find corp_code and annual-report rcept_no using OpenDART MCP/CLI/API; full key is kept in company_master_full.csv for instructor use
ALL,background,동진쎄미켐,,005290,,2023,11011,,한국ESG기준원,B,A,A,D,2023,FALSE,,,student_lookup_required: find corp_code and annual-report rcept_no using OpenDART MCP/CLI/API; full key is kept in company_master_full.csv for instructor use
ALL,background,동진쎄미켐,,005290,,2024,11011,,한국ESG기준원,B,A,A,C,2024,FALSE,,,student_lookup_required: find corp_code and annual-report rcept_no using OpenDART MCP/CLI/API; full key is kept in company_master_full.csv for instructor use
ALL,background,삼진제약,,005500,,2022,11011,,한국ESG기준원,D,D,D,D,2022,FALSE,,,student_lookup_required: find corp_code and annual-report rcept_no using OpenDART MCP/CLI/API; full key is kept in company_master_full.csv for instructor use
ALL,background,삼진제약,,005500,,2023,11011,,한국ESG기준원,C,D,D,B+,2023,FALSE,,,student_lookup_required: find corp_code and annual-report rcept_no using OpenDART MCP/CLI/API; full key is kept in company_master_full.csv for instructor use
ALL,background,삼진제약,,005500,,2024,11011,,한국ESG기준원,B,C,B,B+,2024,FALSE,,,student_lookup_required: find corp_code and annual-report rcept_no using OpenDART MCP/CLI/API; full key is kept in company_master_full.csv for instructor use
ALL,background,SPC삼립,,005610,,2022,11011,,한국ESG기준원,B,C,B+,B,2022,FALSE,,,student_lookup_required: find corp_code and annual-report rcept_no using OpenDART MCP/CLI/API; full key is kept in company_master_full.csv for instructor use
ALL,background,SPC삼립,,005610,,2023,11011,,한국ESG기준원,D,C,C,D,2023,FALSE,,,student_lookup_required: find corp_code and annual-report rcept_no using OpenDART MCP/CLI/API; full key is kept in company_master_full.csv for instructor use
ALL,background,SPC삼립,,005610,,2024,11011,,한국ESG기준원,B,B,C,B,2024,FALSE,,,student_lookup_required: find corp_code and annual-report rcept_no using OpenDART MCP/CLI/API; full key is kept in company_master_full.csv for instructor use
ALL,background,에스엘,,005850,,2022,11011,,한국ESG기준원,B+,B,B+,B+,2022,FALSE,,,student_lookup_required: find corp_code and annual-report rcept_no using OpenDART MCP/CLI/API; full key is kept in company_master_full.csv for instructor use
ALL,background,에스엘,,005850,,2023,11011,,한국ESG기준원,B+,B+,A,B+,2023,FALSE,,,student_lookup_required: find corp_code and annual-report rcept_no using OpenDART MCP/CLI/API; full key is kept in company_master_full.csv for instructor use
ALL,background,에스엘,,005850,,2024,11011,,한국ESG기준원,B,B+,A,C,2024,FALSE,,,student_lookup_required: find corp_code and annual-report rcept_no using OpenDART MCP/CLI/API; full key is kept in company_master_full.csv for instructor use
ALL,background,이수화학,,005950,,2022,11011,,한국ESG기준원,C,B,B+,D,2022,FALSE,,,student_lookup_required: find corp_code and annual-report rcept_no using OpenDART MCP/CLI/API; full key is kept in company_master_full.csv for instructor use
ALL,background,이수화학,,005950,,2023,11011,,한국ESG기준원,C,B,B,D,2023,FALSE,,,student_lookup_required: find corp_code and annual-report rcept_no using OpenDART MCP/CLI/API; full key is kept in company_master_full.csv for instructor use
ALL,background,이수화학,,005950,,2024,11011,,한국ESG기준원,B,B+,B+,C,2024,FALSE,,,student_lookup_required: find corp_code and annual-report rcept_no using OpenDART MCP/CLI/API; full key is kept in company_master_full.csv for instructor use
ALL,background,동화약품,,000020,,2022,11011,,한국ESG기준원,C,C,B+,C,2022,FALSE,,,student_lookup_required: find corp_code and annual-report rcept_no using OpenDART MCP/CLI/API; full key is kept in company_master_full.csv for instructor use
ALL,background,동화약품,,000020,,2023,11011,,한국ESG기준원,C,C,B,C,2023,FALSE,,,student_lookup_required: find corp_code and annual-report rcept_no using OpenDART MCP/CLI/API; full key is kept in company_master_full.csv for instructor use
ALL,background,동화약품,,000020,,2024,11011,,한국ESG기준원,C,B,B,C,2024,FALSE,,,student_lookup_required: find corp_code and annual-report rcept_no using OpenDART MCP/CLI/API; full key is kept in company_master_full.csv for instructor use
ALL,background,경방,,000050,,2022,11011,,한국ESG기준원,D,C,D,D,2022,FALSE,,,student_lookup_required: find corp_code and annual-report rcept_no using OpenDART MCP/CLI/API; full key is kept in company_master_full.csv for instructor use
ALL,background,경방,,000050,,2023,11011,,한국ESG기준원,C,C,D,C,2023,FALSE,,,student_lookup_required: find corp_code and annual-report rcept_no using OpenDART MCP/CLI/API; full key is kept in company_master_full.csv for instructor use
ALL,background,경방,,000050,,2024,11011,,한국ESG기준원,C,C,D,C,2024,FALSE,,,student_lookup_required: find corp_code and annual-report rcept_no using OpenDART MCP/CLI/API; full key is kept in company_master_full.csv for instructor use
ALL,background,유유제약,,000220,,2022,11011,,한국ESG기준원,C,D,B,D,2022,FALSE,,,student_lookup_required: find corp_code and annual-report rcept_no using OpenDART MCP/CLI/API; full key is kept in company_master_full.csv for instructor use
ALL,background,유유제약,,000220,,2023,11011,,한국ESG기준원,D,D,C,D,2023,FALSE,,,student_lookup_required: find corp_code and annual-report rcept_no using OpenDART MCP/CLI/API; full key is kept in company_master_full.csv for instructor use
ALL,background,유유제약,,000220,,2024,11011,,한국ESG기준원,C,D,C,C,2024,FALSE,,,student_lookup_required: find corp_code and annual-report rcept_no using OpenDART MCP/CLI/API; full key is kept in company_master_full.csv for instructor use
ALL,background,조선내화,,000480,,2022,11011,,한국ESG기준원,D,C,C,D,2022,FALSE,,,student_lookup_required: find corp_code and annual-report rcept_no using OpenDART MCP/CLI/API; full key is kept in company_master_full.csv for instructor use
ALL,background,시알홀딩스,,000480,,2023,11011,,한국ESG기준원,D,C,D,D,2023,FALSE,,,student_lookup_required: find corp_code and annual-report rcept_no using OpenDART MCP/CLI/API; full key is kept in company_master_full.csv for instructor use
ALL,background,시알홀딩스,,000480,,2024,11011,,한국ESG기준원,C,C,B,C,2024,FALSE,,,student_lookup_required: find corp_code and annual-report rcept_no using OpenDART MCP/CLI/API; full key is kept in company_master_full.csv for instructor use
ALL,background,삼일제약,,000520,,2022,11011,,한국ESG기준원,D,D,D,C,2022,FALSE,,,student_lookup_required: find corp_code and annual-report rcept_no using OpenDART MCP/CLI/API; full key is kept in company_master_full.csv for instructor use
ALL,background,삼일제약,,000520,,2023,11011,,한국ESG기준원,C,D,C,C,2023,FALSE,,,student_lookup_required: find corp_code and annual-report rcept_no using OpenDART MCP/CLI/API; full key is kept in company_master_full.csv for instructor use
ALL,background,삼일제약,,000520,,2024,11011,,한국ESG기준원,C,D,C,B,2024,FALSE,,,student_lookup_required: find corp_code and annual-report rcept_no using OpenDART MCP/CLI/API; full key is kept in company_master_full.csv for instructor use
ALL,background,CS홀딩스,,000590,,2022,11011,,한국ESG기준원,C,D,D,B,2022,FALSE,,,student_lookup_required: find corp_code and annual-report rcept_no using OpenDART MCP/CLI/API; full key is kept in company_master_full.csv for instructor use
ALL,background,CS홀딩스,,000590,,2023,11011,,한국ESG기준원,C,D,D,B,2023,FALSE,,,student_lookup_required: find corp_code and annual-report rcept_no using OpenDART MCP/CLI/API; full key is kept in company_master_full.csv for instructor use
ALL,background,CS홀딩스,,000590,,2024,11011,,한국ESG기준원,C,D,D,B,2024,FALSE,,,student_lookup_required: find corp_code and annual-report rcept_no using OpenDART MCP/CLI/API; full key is kept in company_master_full.csv for instructor use
ALL,background,화천기공,,000850,,2022,11011,,한국ESG기준원,D,D,D,C,2022,FALSE,,,student_lookup_required: find corp_code and annual-report rcept_no using OpenDART MCP/CLI/API; full key is kept in company_master_full.csv for instructor use
ALL,background,화천기공,,000850,,2023,11011,,한국ESG기준원,C,D,C,C,2023,FALSE,,,student_lookup_required: find corp_code and annual-report rcept_no using OpenDART MCP/CLI/API; full key is kept in company_master_full.csv for instructor use
ALL,background,화천기공,,000850,,2024,11011,,한국ESG기준원,C,D,C,C,2024,FALSE,,,student_lookup_required: find corp_code and annual-report rcept_no using OpenDART MCP/CLI/API; full key is kept in company_master_full.csv for instructor use
ALL,background,유니온,,000910,,2022,11011,,한국ESG기준원,C,C,C,B,2022,FALSE,,,student_lookup_required: find corp_code and annual-report rcept_no using OpenDART MCP/CLI/API; full key is kept in company_master_full.csv for instructor use
ALL,background,유니온,,000910,,2023,11011,,한국ESG기준원,C,C,C,B,2023,FALSE,,,student_lookup_required: find corp_code and annual-report rcept_no using OpenDART MCP/CLI/API; full key is kept in company_master_full.csv for instructor use
ALL,background,유니온,,000910,,2024,11011,,한국ESG기준원,C,C,C,B,2024,FALSE,,,student_lookup_required: find corp_code and annual-report rcept_no using OpenDART MCP/CLI/API; full key is kept in company_master_full.csv for instructor use
ALL,background,DB하이텍,,000990,,2022,11011,,한국ESG기준원,B,B,B+,B,2022,FALSE,,,student_lookup_required: find corp_code and annual-report rcept_no using OpenDART MCP/CLI/API; full key is kept in company_master_full.csv for instructor use
ALL,background,DB하이텍,,000990,,2023,11011,,한국ESG기준원,B+,A,A,B,2023,FALSE,,,student_lookup_required: find corp_code and annual-report rcept_no using OpenDART MCP/CLI/API; full key is kept in company_master_full.csv for instructor use
ALL,background,DB하이텍,,000990,,2024,11011,,한국ESG기준원,C,B+,A,D,2024,FALSE,,,student_lookup_required: find corp_code and annual-report rcept_no using OpenDART MCP/CLI/API; full key is kept in company_master_full.csv for instructor use
ALL,background,페이퍼코리아,,001020,,2022,11011,,한국ESG기준원,D,C,D,D,2022,FALSE,,,student_lookup_required: find corp_code and annual-report rcept_no using OpenDART MCP/CLI/API; full key is kept in company_master_full.csv for instructor use
ALL,background,페이퍼코리아,,001020,,2023,11011,,한국ESG기준원,D,C,C,D,2023,FALSE,,,student_lookup_required: find corp_code and annual-report rcept_no using OpenDART MCP/CLI/API; full key is kept in company_master_full.csv for instructor use
ALL,background,페이퍼코리아,,001020,,2024,11011,,한국ESG기준원,C,C,C,C,2024,FALSE,,,student_lookup_required: find corp_code and annual-report rcept_no using OpenDART MCP/CLI/API; full key is kept in company_master_full.csv for instructor use
ALL,background,대한방직,,001070,,2022,11011,,한국ESG기준원,C,D,D,B,2022,FALSE,,,student_lookup_required: find corp_code and annual-report rcept_no using OpenDART MCP/CLI/API; full key is kept in company_master_full.csv for instructor use
ALL,background,대한방직,,001070,,2023,11011,,한국ESG기준원,C,C,D,B,2023,FALSE,,,student_lookup_required: find corp_code and annual-report rcept_no using OpenDART MCP/CLI/API; full key is kept in company_master_full.csv for instructor use
ALL,background,대한방직,,001070,,2024,11011,,한국ESG기준원,C,C,D,C,2024,FALSE,,,student_lookup_required: find corp_code and annual-report rcept_no using OpenDART MCP/CLI/API; full key is kept in company_master_full.csv for instructor use
ALL,background,대한제분,,001130,,2022,11011,,한국ESG기준원,D,C,D,D,2022,FALSE,,,student_lookup_required: find corp_code and annual-report rcept_no using OpenDART MCP/CLI/API; full key is kept in company_master_full.csv for instructor use
ALL,background,대한제분,,001130,,2023,11011,,한국ESG기준원,D,C,D,D,2023,FALSE,,,student_lookup_required: find corp_code and annual-report rcept_no using OpenDART MCP/CLI/API; full key is kept in company_master_full.csv for instructor use
ALL,background,대한제분,,001130,,2024,11011,,한국ESG기준원,C,C,C,C,2024,FALSE,,,student_lookup_required: find corp_code and annual-report rcept_no using OpenDART MCP/CLI/API; full key is kept in company_master_full.csv for instructor use
ALL,background,유진증권,,001200,,2022,11011,,한국ESG기준원,B,C,B+,B,2022,FALSE,,,student_lookup_required: find corp_code and annual-report rcept_no using OpenDART MCP/CLI/API; full key is kept in company_master_full.csv for instructor use
ALL,background,유진증권,,001200,,2023,11011,,한국ESG기준원,B,C,B,B,2023,FALSE,,,student_lookup_required: find corp_code and annual-report rcept_no using OpenDART MCP/CLI/API; full key is kept in company_master_full.csv for instructor use
ALL,background,유진증권,,001200,,2024,11011,,한국ESG기준원,C,B,D,C,2024,FALSE,,,student_lookup_required: find corp_code and annual-report rcept_no using OpenDART MCP/CLI/API; full key is kept in company_master_full.csv for instructor use
ALL,background,부국증권,,001270,,2022,11011,,한국ESG기준원,C,D,C,B,2022,FALSE,,,student_lookup_required: find corp_code and annual-report rcept_no using OpenDART MCP/CLI/API; full key is kept in company_master_full.csv for instructor use
ALL,background,부국증권,,001270,,2023,11011,,한국ESG기준원,C,D,B,C,2023,FALSE,,,student_lookup_required: find corp_code and annual-report rcept_no using OpenDART MCP/CLI/API; full key is kept in company_master_full.csv for instructor use
ALL,background,부국증권,,001270,,2024,11011,,한국ESG기준원,C,D,B,C,2024,FALSE,,,student_lookup_required: find corp_code and annual-report rcept_no using OpenDART MCP/CLI/API; full key is kept in company_master_full.csv for instructor use
ALL,background,상상인증권,,001290,,2022,11011,,한국ESG기준원,D,D,C,D,2022,FALSE,,,student_lookup_required: find corp_code and annual-report rcept_no using OpenDART MCP/CLI/API; full key is kept in company_master_full.csv for instructor use
ALL,background,상상인증권,,001290,,2023,11011,,한국ESG기준원,D,D,C,D,2023,FALSE,,,student_lookup_required: find corp_code and annual-report rcept_no using OpenDART MCP/CLI/API; full key is kept in company_master_full.csv for instructor use
ALL,background,상상인증권,,001290,,2024,11011,,한국ESG기준원,C,D,C,C,2024,FALSE,,,student_lookup_required: find corp_code and annual-report rcept_no using OpenDART MCP/CLI/API; full key is kept in company_master_full.csv for instructor use
ALL,background,KG케미칼,,001390,,2022,11011,,한국ESG기준원,D,D,D,D,2022,FALSE,,,student_lookup_required: find corp_code and annual-report rcept_no using OpenDART MCP/CLI/API; full key is kept in company_master_full.csv for instructor use
ALL,background,KG케미칼,,001390,,2023,11011,,한국ESG기준원,C,C,D,C,2023,FALSE,,,student_lookup_required: find corp_code and annual-report rcept_no using OpenDART MCP/CLI/API; full key is kept in company_master_full.csv for instructor use
ALL,background,KG케미칼,,001390,,2024,11011,,한국ESG기준원,C,B+,B,C,2024,FALSE,,,student_lookup_required: find corp_code and annual-report rcept_no using OpenDART MCP/CLI/API; full key is kept in company_master_full.csv for instructor use
ALL,background,동양,,001520,,2022,11011,,한국ESG기준원,D,D,D,C,2022,FALSE,,,student_lookup_required: find corp_code and annual-report rcept_no using OpenDART MCP/CLI/API; full key is kept in company_master_full.csv for instructor use
ALL,background,동양,,001520,,2023,11011,,한국ESG기준원,D,D,D,C,2023,FALSE,,,student_lookup_required: find corp_code and annual-report rcept_no using OpenDART MCP/CLI/API; full key is kept in company_master_full.csv for instructor use
ALL,background,동양,,001520,,2024,11011,,한국ESG기준원,C,B,B,C,2024,FALSE,,,student_lookup_required: find corp_code and annual-report rcept_no using OpenDART MCP/CLI/API; full key is kept in company_master_full.csv for instructor use
ALL,background,제일연마,,001560,,2022,11011,,한국ESG기준원,C,D,D,B+,2022,FALSE,,,student_lookup_required: find corp_code and annual-report rcept_no using OpenDART MCP/CLI/API; full key is kept in company_master_full.csv for instructor use
ALL,background,제일연마,,001560,,2023,11011,,한국ESG기준원,C,C,D,B,2023,FALSE,,,student_lookup_required: find corp_code and annual-report rcept_no using OpenDART MCP/CLI/API; full key is kept in company_master_full.csv for instructor use
ALL,background,제일연마,,001560,,2024,11011,,한국ESG기준원,C,C,D,B+,2024,FALSE,,,student_lookup_required: find corp_code and annual-report rcept_no using OpenDART MCP/CLI/API; full key is kept in company_master_full.csv for instructor use
ALL,background,KR모터스,,000040,,2022,11011,,한국ESG기준원,D,D,D,D,2022,FALSE,,,student_lookup_required: find corp_code and annual-report rcept_no using OpenDART MCP/CLI/API; full key is kept in company_master_full.csv for instructor use
ALL,background,KR모터스,,000040,,2023,11011,,한국ESG기준원,D,D,D,D,2023,FALSE,,,student_lookup_required: find corp_code and annual-report rcept_no using OpenDART MCP/CLI/API; full key is kept in company_master_full.csv for instructor use
ALL,background,KR모터스,,000040,,2024,11011,,한국ESG기준원,D,D,D,D,2024,FALSE,,,student_lookup_required: find corp_code and annual-report rcept_no using OpenDART MCP/CLI/API; full key is kept in company_master_full.csv for instructor use
ALL,background,성창기업지주,,000180,,2022,11011,,한국ESG기준원,D,D,D,D,2022,FALSE,,,student_lookup_required: find corp_code and annual-report rcept_no using OpenDART MCP/CLI/API; full key is kept in company_master_full.csv for instructor use
ALL,background,성창기업지주,,000180,,2023,11011,,한국ESG기준원,D,D,D,C,2023,FALSE,,,student_lookup_required: find corp_code and annual-report rcept_no using OpenDART MCP/CLI/API; full key is kept in company_master_full.csv for instructor use
ALL,background,성창기업지주,,000180,,2024,11011,,한국ESG기준원,D,C,D,D,2024,FALSE,,,student_lookup_required: find corp_code and annual-report rcept_no using OpenDART MCP/CLI/API; full key is kept in company_master_full.csv for instructor use
ALL,background,삼천당제약,,000250,,2022,11011,,한국ESG기준원,D,D,D,C,2022,FALSE,,,student_lookup_required: find corp_code and annual-report rcept_no using OpenDART MCP/CLI/API; full key is kept in company_master_full.csv for instructor use
ALL,background,삼천당제약,,000250,,2023,11011,,한국ESG기준원,D,D,D,D,2023,FALSE,,,student_lookup_required: find corp_code and annual-report rcept_no using OpenDART MCP/CLI/API; full key is kept in company_master_full.csv for instructor use
ALL,background,삼천당제약,,000250,,2024,11011,,한국ESG기준원,D,C,D,D,2024,FALSE,,,student_lookup_required: find corp_code and annual-report rcept_no using OpenDART MCP/CLI/API; full key is kept in company_master_full.csv for instructor use
ALL,background,천일고속,,000650,,2022,11011,,한국ESG기준원,D,D,D,D,2022,FALSE,,,student_lookup_required: find corp_code and annual-report rcept_no using OpenDART MCP/CLI/API; full key is kept in company_master_full.csv for instructor use
ALL,background,천일고속,,000650,,2023,11011,,한국ESG기준원,D,C,D,D,2023,FALSE,,,student_lookup_required: find corp_code and annual-report rcept_no using OpenDART MCP/CLI/API; full key is kept in company_master_full.csv for instructor use
ALL,background,천일고속,,000650,,2024,11011,,한국ESG기준원,D,C,D,D,2024,FALSE,,,student_lookup_required: find corp_code and annual-report rcept_no using OpenDART MCP/CLI/API; full key is kept in company_master_full.csv for instructor use
ALL,background,이화산업,,000760,,2022,11011,,한국ESG기준원,D,D,D,D,2022,FALSE,,,student_lookup_required: find corp_code and annual-report rcept_no using OpenDART MCP/CLI/API; full key is kept in company_master_full.csv for instructor use
ALL,background,이화산업,,000760,,2023,11011,,한국ESG기준원,C,C,D,C,2023,FALSE,,,student_lookup_required: find corp_code and annual-report rcept_no using OpenDART MCP/CLI/API; full key is kept in company_master_full.csv for instructor use
ALL,background,이화산업,,000760,,2024,11011,,한국ESG기준원,D,C,D,D,2024,FALSE,,,student_lookup_required: find corp_code and annual-report rcept_no using OpenDART MCP/CLI/API; full key is kept in company_master_full.csv for instructor use
ALL,background,보해양조,,000890,,2022,11011,,한국ESG기준원,D,D,D,C,2022,FALSE,,,student_lookup_required: find corp_code and annual-report rcept_no using OpenDART MCP/CLI/API; full key is kept in company_master_full.csv for instructor use
ALL,background,보해양조,,000890,,2023,11011,,한국ESG기준원,D,D,D,D,2023,FALSE,,,student_lookup_required: find corp_code and annual-report rcept_no using OpenDART MCP/CLI/API; full key is kept in company_master_full.csv for instructor use
ALL,background,보해양조,,000890,,2024,11011,,한국ESG기준원,D,D,D,C,2024,FALSE,,,student_lookup_required: find corp_code and annual-report rcept_no using OpenDART MCP/CLI/API; full key is kept in company_master_full.csv for instructor use
ALL,background,전방,,000950,,2022,11011,,한국ESG기준원,D,C,C,D,2022,FALSE,,,student_lookup_required: find corp_code and annual-report rcept_no using OpenDART MCP/CLI/API; full key is kept in company_master_full.csv for instructor use
ALL,background,전방,,000950,,2023,11011,,한국ESG기준원,D,C,C,D,2023,FALSE,,,student_lookup_required: find corp_code and annual-report rcept_no using OpenDART MCP/CLI/API; full key is kept in company_master_full.csv for instructor use
ALL,background,전방,,000950,,2024,11011,,한국ESG기준원,D,C,D,D,2024,FALSE,,,student_lookup_required: find corp_code and annual-report rcept_no using OpenDART MCP/CLI/API; full key is kept in company_master_full.csv for instructor use
ALL,background,한국주철관공업,,000970,,2022,11011,,한국ESG기준원,D,C,C,D,2022,FALSE,,,student_lookup_required: find corp_code and annual-report rcept_no using OpenDART MCP/CLI/API; full key is kept in company_master_full.csv for instructor use
ALL,background,한국주철관공업,,000970,,2023,11011,,한국ESG기준원,D,C,D,D,2023,FALSE,,,student_lookup_required: find corp_code and annual-report rcept_no using OpenDART MCP/CLI/API; full key is kept in company_master_full.csv for instructor use
ALL,background,한국주철관공업,,000970,,2024,11011,,한국ESG기준원,D,C,D,D,2024,FALSE,,,student_lookup_required: find corp_code and annual-report rcept_no using OpenDART MCP/CLI/API; full key is kept in company_master_full.csv for instructor use
ALL,background,만호제강,,001080,,2022,11011,,한국ESG기준원,C,D,C,B+,2022,FALSE,,,student_lookup_required: find corp_code and annual-report rcept_no using OpenDART MCP/CLI/API; full key is kept in company_master_full.csv for instructor use
ALL,background,만호제강,,001080,,2023,11011,,한국ESG기준원,C,C,C,B+,2023,FALSE,,,student_lookup_required: find corp_code and annual-report rcept_no using OpenDART MCP/CLI/API; full key is kept in company_master_full.csv for instructor use
ALL,background,만호제강,,001080,,2024,11011,,한국ESG기준원,D,C,D,D,2024,FALSE,,,student_lookup_required: find corp_code and annual-report rcept_no using OpenDART MCP/CLI/API; full key is kept in company_master_full.csv for instructor use
ALL,background,국보,,001140,,2022,11011,,한국ESG기준원,D,D,D,D,2022,FALSE,,,student_lookup_required: find corp_code and annual-report rcept_no using OpenDART MCP/CLI/API; full key is kept in company_master_full.csv for instructor use
ALL,background,국보,,001140,,2023,11011,,한국ESG기준원,D,C,D,D,2023,FALSE,,,student_lookup_required: find corp_code and annual-report rcept_no using OpenDART MCP/CLI/API; full key is kept in company_master_full.csv for instructor use
ALL,background,국보,,001140,,2024,11011,,한국ESG기준원,D,C,D,D,2024,FALSE,,,student_lookup_required: find corp_code and annual-report rcept_no using OpenDART MCP/CLI/API; full key is kept in company_master_full.csv for instructor use
ALL,background,금호전기,,001210,,2022,11011,,한국ESG기준원,D,D,C,D,2022,FALSE,,,student_lookup_required: find corp_code and annual-report rcept_no using OpenDART MCP/CLI/API; full key is kept in company_master_full.csv for instructor use
ALL,background,금호전기,,001210,,2023,11011,,한국ESG기준원,D,C,C,D,2023,FALSE,,,student_lookup_required: find corp_code and annual-report rcept_no using OpenDART MCP/CLI/API; full key is kept in company_master_full.csv for instructor use
ALL,background,금호전기,,001210,,2024,11011,,한국ESG기준원,D,C,D,D,2024,FALSE,,,student_lookup_required: find corp_code and annual-report rcept_no using OpenDART MCP/CLI/API; full key is kept in company_master_full.csv for instructor use
ALL,background,남광토건,,001260,,2022,11011,,한국ESG기준원,C,D,D,B,2022,FALSE,,,student_lookup_required: find corp_code and annual-report rcept_no using OpenDART MCP/CLI/API; full key is kept in company_master_full.csv for instructor use
ALL,background,남광토건,,001260,,2023,11011,,한국ESG기준원,D,C,D,D,2023,FALSE,,,student_lookup_required: find corp_code and annual-report rcept_no using OpenDART MCP/CLI/API; full key is kept in company_master_full.csv for instructor use
ALL,background,남광토건,,001260,,2024,11011,,한국ESG기준원,D,D,D,D,2024,FALSE,,,student_lookup_required: find corp_code and annual-report rcept_no using OpenDART MCP/CLI/API; full key is kept in company_master_full.csv for instructor use
ALL,background,백광산업,,001340,,2022,11011,,한국ESG기준원,D,C,D,D,2022,FALSE,,,student_lookup_required: find corp_code and annual-report rcept_no using OpenDART MCP/CLI/API; full key is kept in company_master_full.csv for instructor use
ALL,background,백광산업,,001340,,2023,11011,,한국ESG기준원,D,C,D,D,2023,FALSE,,,student_lookup_required: find corp_code and annual-report rcept_no using OpenDART MCP/CLI/API; full key is kept in company_master_full.csv for instructor use
ALL,background,PKC,,001340,,2024,11011,,한국ESG기준원,D,C,D,D,2024,FALSE,,,student_lookup_required: find corp_code and annual-report rcept_no using OpenDART MCP/CLI/API; full key is kept in company_master_full.csv for instructor use
ALL,background,삼성제약,,001360,,2022,11011,,한국ESG기준원,D,D,D,D,2022,FALSE,,,student_lookup_required: find corp_code and annual-report rcept_no using OpenDART MCP/CLI/API; full key is kept in company_master_full.csv for instructor use
ALL,background,삼성제약,,001360,,2023,11011,,한국ESG기준원,D,D,D,C,2023,FALSE,,,student_lookup_required: find corp_code and annual-report rcept_no using OpenDART MCP/CLI/API; full key is kept in company_master_full.csv for instructor use
ALL,background,삼성제약,,001360,,2024,11011,,한국ESG기준원,D,D,D,D,2024,FALSE,,,student_lookup_required: find corp_code and annual-report rcept_no using OpenDART MCP/CLI/API; full key is kept in company_master_full.csv for instructor use
ALL,background,SG글로벌,,001380,,2022,11011,,한국ESG기준원,D,D,D,D,2022,FALSE,,,student_lookup_required: find corp_code and annual-report rcept_no using OpenDART MCP/CLI/API; full key is kept in company_master_full.csv for instructor use
ALL,background,SG글로벌,,001380,,2023,11011,,한국ESG기준원,D,C,D,D,2023,FALSE,,,student_lookup_required: find corp_code and annual-report rcept_no using OpenDART MCP/CLI/API; full key is kept in company_master_full.csv for instructor use
ALL,background,SG글로벌,,001380,,2024,11011,,한국ESG기준원,D,C,D,D,2024,FALSE,,,student_lookup_required: find corp_code and annual-report rcept_no using OpenDART MCP/CLI/API; full key is kept in company_master_full.csv for instructor use
ALL,background,태원물산,,001420,,2022,11011,,한국ESG기준원,D,D,D,D,2022,FALSE,,,student_lookup_required: find corp_code and annual-report rcept_no using OpenDART MCP/CLI/API; full key is kept in company_master_full.csv for instructor use
ALL,background,태원물산,,001420,,2023,11011,,한국ESG기준원,D,D,D,D,2023,FALSE,,,student_lookup_required: find corp_code and annual-report rcept_no using OpenDART MCP/CLI/API; full key is kept in company_master_full.csv for instructor use
ALL,background,태원물산,,001420,,2024,11011,,한국ESG기준원,D,D,D,D,2024,FALSE,,,student_lookup_required: find corp_code and annual-report rcept_no using OpenDART MCP/CLI/API; full key is kept in company_master_full.csv for instructor use
ALL,background,삼부토건,,001470,,2022,11011,,한국ESG기준원,D,D,D,C,2022,FALSE,,,student_lookup_required: find corp_code and annual-report rcept_no using OpenDART MCP/CLI/API; full key is kept in company_master_full.csv for instructor use
ALL,background,삼부토건,,001470,,2023,11011,,한국ESG기준원,C,C,C,C,2023,FALSE,,,student_lookup_required: find corp_code and annual-report rcept_no using OpenDART MCP/CLI/API; full key is kept in company_master_full.csv for instructor use
ALL,background,삼부토건,,001470,,2024,11011,,한국ESG기준원,D,C,C,D,2024,FALSE,,,student_lookup_required: find corp_code and annual-report rcept_no using OpenDART MCP/CLI/API; full key is kept in company_master_full.csv for instructor use
ALL,background,디아이동일,,001530,,2022,11011,,한국ESG기준원,D,D,C,C,2022,FALSE,,,student_lookup_required: find corp_code and annual-report rcept_no using OpenDART MCP/CLI/API; full key is kept in company_master_full.csv for instructor use
ALL,background,디아이동일,,001530,,2023,11011,,한국ESG기준원,D,D,D,C,2023,FALSE,,,student_lookup_required: find corp_code and annual-report rcept_no using OpenDART MCP/CLI/API; full key is kept in company_master_full.csv for instructor use
ALL,background,디아이동일,,001530,,2024,11011,,한국ESG기준원,D,D,D,C,2024,FALSE,,,student_lookup_required: find corp_code and annual-report rcept_no using OpenDART MCP/CLI/API; full key is kept in company_master_full.csv for instructor use
